time,teacher_id,class_id,base_chapters,base_sections,style,rank,tag,day,chapter_id,cnt,label
2019-11-05 12:32:52,4939,2289766,87119,87124,10100,1,view,2019-11-05,87119,,0
2019-11-05 12:32:52,4939,2289766,87119,"87120,87122,87124",20100,2,click,2019-11-05,87119,1.0,1
2019-11-05 18:25:44,10107,1466707,86812,86813,10100,1,click,2019-11-05,86812,1.0,1
2019-11-05 16:59:41,35118,3704410,54394,508275,10100,1,view,2019-11-05,54394,,0
2019-11-05 16:59:41,35118,3704410,54394,364045,10100,2,click,2019-11-05,54394,1.0,1
2019-11-05 16:29:02,62595,3726940,54394,508275,10100,1,view,2019-11-05,54394,,0
2019-11-05 16:29:02,62595,3726940,54394,54398,10100,2,view,2019-11-05,54394,,0
2019-11-05 16:29:02,62595,3726940,54394,364045,10100,3,click,2019-11-05,54394,1.0,1
2019-11-05 22:52:46,93490,3585524,87705,87710,10100,1,click,2019-11-05,87705,,0
2019-11-05 22:53:39,93490,3585524,87705,"87706,87707,87708,87709,87710",20100,2,view,2019-11-05,87705,,0
2019-11-05 22:53:39,93490,3585524,87705,87709,10100,3,view,2019-11-05,87705,,0
2019-11-05 22:53:39,93490,3585524,87705,87706,10100,4,view,2019-11-05,87705,,0
2019-11-05 22:53:39,93490,3585524,87705,87708,10100,5,view,2019-11-05,87705,,0
2019-11-05 22:53:39,93490,3585524,87705,87707,10100,6,view,2019-11-05,87705,,0
2019-11-05 22:53:39,93490,3585524,87705,"87709,87710",20100,7,view,2019-11-05,87705,,0
2019-11-05 22:53:39,93490,3585524,87705,"87708,87710",20100,8,view,2019-11-05,87705,,0
2019-11-05 22:53:39,93490,3585524,87705,"87706,87707,87708,87710",20100,9,click,2019-11-05,87705,1.0,1
2019-11-05 17:23:28,102935,3709100,54394,508275,10100,1,click,2019-11-05,54394,1.0,1
2019-11-05 06:46:31,103434,3691381,56161,56162,10100,1,click,2019-11-05,-1,1.0,1
2019-11-05 18:16:20,177675,3707846,86915,86916,10100,1,view,2019-11-05,86915,,0
2019-11-05 18:16:20,177675,3707846,86915,86918,10100,2,view,2019-11-05,86915,,0
2019-11-05 18:16:20,177675,3707846,86915,86917,10100,3,view,2019-11-05,86915,,0
2019-11-05 18:16:20,177675,3707846,86915,"86916,86917,86918,86919,86920,86921,505114",20100,4,click,2019-11-05,86915,1.0,1
2019-11-05 21:04:23,181240,2410282,87097,87104,10100,1,click,2019-11-05,87097,1.0,1
2019-11-05 11:55:47,208115,1318299,86794,86798,10100,1,click,2019-11-05,86794,1.0,1
2019-11-05 11:54:46,208115,1318299,86812,505080,10100,1,click,2019-11-05,86812,1.0,1
2019-11-05 09:28:55,252587,359086,87018,87019,10100,1,click,2019-11-05,87018,1.0,1
2019-11-05 11:28:32,279606,2502171,54456,"54457,54458,54459,505298",20100,1,click,2019-11-05,54456,1.0,1
2019-11-05 21:00:21,327776,2482904,56592,56596,10100,1,click,2019-11-05,56592,1.0,1
2019-11-05 19:15:26,371655,384091,87018,87019,10100,1,click,2019-11-05,87018,1.0,1
2019-11-05 19:39:01,393919,409368,86909,86911,10100,1,click,2019-11-05,86909,1.0,1
2019-11-05 19:22:31,406746,3732204,86915,86916,10100,1,view,2019-11-05,86915,,0
2019-11-05 19:22:31,406746,3732204,86915,86917,10100,2,view,2019-11-05,86915,,0
2019-11-05 19:22:31,406746,3732204,86915,86918,10100,3,view,2019-11-05,86915,,0
2019-11-05 19:22:31,406746,3732204,86915,"86916,86917,86918,86919,86920,86921,505114",20100,4,view,2019-11-05,86915,,0
2019-11-05 19:22:31,406746,3732204,86915,505114,10100,5,view,2019-11-05,86915,,0
2019-11-05 19:22:31,406746,3732204,86915,86920,10100,6,view,2019-11-05,86915,,0
2019-11-05 19:22:31,406746,3732204,86915,"86916,86917",20100,7,view,2019-11-05,86915,,0
2019-11-05 19:22:31,406746,3732204,86915,"86916,86917,86918",20100,8,view,2019-11-05,86915,,0
2019-11-05 19:22:31,406746,3732204,86915,86921,10100,9,view,2019-11-05,86915,,0
2019-11-05 19:22:31,406746,3732204,86915,86919,10100,10,view,2019-11-05,86915,,0
2019-11-05 19:22:31,406746,3732204,86915,"86916,86918",20100,11,view,2019-11-05,86915,,0
2019-11-05 19:22:31,406746,3732204,86915,"86916,86917,86918,86919",20100,12,view,2019-11-05,86915,,0
2019-11-05 19:22:31,406746,3732204,86915,"86916,86919",20100,13,view,2019-11-05,86915,,0
2019-11-05 19:22:31,406746,3732204,86915,"86916,86918,86919",20100,14,click,2019-11-05,86915,1.0,1
2019-11-05 10:31:10,414941,2773690,86812,86814,10100,1,click,2019-11-05,86812,1.0,1
2019-11-05 18:44:57,420434,3709314,54383,54386,10100,1,click,2019-11-05,54383,1.0,1
2019-11-05 18:48:03,425867,3739957,54468,"54469,54470,54471,54472",20100,1,view,2019-11-05,54468,,0
2019-11-05 18:48:03,425867,3739957,54468,54471,10100,2,view,2019-11-05,54468,,0
2019-11-05 18:48:03,425867,3739957,54468,54469,10100,3,view,2019-11-05,54468,,0
2019-11-05 18:48:03,425867,3739957,54468,54470,10100,4,view,2019-11-05,54468,,0
2019-11-05 18:48:03,425867,3739957,54468,54472,10100,5,view,2019-11-05,54468,,0
2019-11-05 18:48:03,425867,3739957,54468,"54469,54470,54471",20100,6,view,2019-11-05,54468,,0
2019-11-05 18:48:03,425867,3739957,54468,"54471,54472",20100,7,view,2019-11-05,54468,,0
2019-11-05 18:48:03,425867,3739957,54468,"54469,54471,54472",20100,8,view,2019-11-05,54468,,0
2019-11-05 18:48:03,425867,3739957,54468,"54470,54471,54472",20100,9,view,2019-11-05,54468,,0
2019-11-05 18:48:03,425867,3739957,54468,"54470,54472",20100,10,view,2019-11-05,54468,,0
2019-11-05 18:48:03,425867,3739957,54468,"54470,54471",20100,11,view,2019-11-05,54468,,0
2019-11-05 18:48:03,425867,3739957,54468,"54469,54470,54472",20100,12,view,2019-11-05,54468,,0
2019-11-05 18:48:03,425867,3739957,"54468,54473","54470,54475",30100,13,view,2019-11-05,54468,,0
2019-11-05 18:48:03,425867,3739957,54468,"54469,54471",20100,14,click,2019-11-05,54468,1.0,1
2019-11-05 19:48:57,452239,2620512,54473,54474,10100,1,click,2019-11-05,54473,1.0,1
2019-11-05 17:21:31,465801,483617,86915,86916,10100,1,click,2019-11-05,86915,1.0,1
2019-11-05 18:06:33,466759,3481329,86816,86817,10100,1,view,2019-11-05,86816,,0
2019-11-05 18:06:33,466759,3481329,86816,505081,10100,2,view,2019-11-05,86816,,0
2019-11-05 18:06:33,466759,3481329,86816,86820,10100,3,click,2019-11-05,86816,1.0,1
2019-11-05 17:03:28,542641,3118489,54473,54479,10100,1,view,2019-11-05,54473,,0
2019-11-05 17:03:28,542641,3118489,54473,54477,10100,2,view,2019-11-05,54473,,0
2019-11-05 17:03:28,542641,3118489,54473,54474,10100,3,click,2019-11-05,54473,1.0,1
2019-11-05 06:17:28,542750,1160703,86816,86820,10010,1,click,2019-11-05,-1,1.0,1
2019-11-05 19:10:47,552637,3719913,88220,88222,10100,1,view,2019-11-05,88220,,0
2019-11-05 19:10:47,552637,3719913,88220,"88221,88222",20100,2,click,2019-11-05,88220,1.0,1
2019-11-05 17:24:07,554994,3472301,87004,505100,10100,1,click,2019-11-05,87004,1.0,1
2019-11-05 19:28:09,560604,574409,86915,86916,10100,1,click,2019-11-05,86915,1.0,1
2019-11-05 17:41:06,564843,3742755,87625,"87626,87627,87628,87629,87630",20100,1,click,2019-11-05,87625,1.0,1
2019-11-05 17:35:47,581279,3443480,54460,54465,10100,1,view,2019-11-05,54460,,0
2019-11-05 17:35:47,581279,3443480,54460,54467,10100,2,view,2019-11-05,54460,,0
2019-11-05 17:35:47,581279,3443480,54460,364047,10100,3,view,2019-11-05,54460,,0
2019-11-05 17:35:47,581279,3443480,54460,54464,10100,4,view,2019-11-05,54460,,0
2019-11-05 17:35:47,581279,3443480,54460,54466,10100,5,view,2019-11-05,54460,,0
2019-11-05 17:35:47,581279,3443480,54460,"364047,54467",20100,6,view,2019-11-05,54460,,0
2019-11-05 17:35:47,581279,3443480,54460,54462,10100,7,view,2019-11-05,54460,,0
2019-11-05 17:35:47,581279,3443480,54460,"54462,54464,54465,364047,54467",20100,8,view,2019-11-05,54460,,0
2019-11-05 17:35:47,581279,3443480,54460,"54465,54466,364047,54467",20100,9,view,2019-11-05,54460,,0
2019-11-05 17:35:47,581279,3443480,54460,"54464,54465,364047,54467",20100,10,view,2019-11-05,54460,,0
2019-11-05 17:35:47,581279,3443480,54460,"54465,54466",20100,11,click,2019-11-05,54460,1.0,1
2019-11-05 19:09:29,583543,3621913,87634,87635,10100,1,click,2019-11-05,87634,1.0,1
2019-11-05 17:56:20,602980,3684549,86816,86817,10100,1,view,2019-11-05,86816,,0
2019-11-05 17:56:20,602980,3684549,86816,"86817,86818",20100,2,view,2019-11-05,86816,,0
2019-11-05 17:56:20,602980,3684549,86816,"86817,86818,86819",20100,3,click,2019-11-05,86816,1.0,1
2019-11-05 16:55:23,615338,3740230,54394,508275,10100,1,view,2019-11-05,54394,,0
2019-11-05 16:55:23,615338,3740230,54394,54395,10100,2,view,2019-11-05,54394,,0
2019-11-05 16:55:23,615338,3740230,54394,364045,10100,3,view,2019-11-05,54394,,0
2019-11-05 16:55:23,615338,3740230,54394,"54395,54397",20100,4,view,2019-11-05,54394,,0
2019-11-05 16:55:23,615338,3740230,54394,54396,10100,5,view,2019-11-05,54394,,0
2019-11-05 16:55:23,615338,3740230,54394,364035,10100,6,view,2019-11-05,54394,,0
2019-11-05 16:55:23,615338,3740230,54394,54398,10100,7,view,2019-11-05,54394,,0
2019-11-05 16:55:23,615338,3740230,54394,"54395,54397,54398",20100,8,view,2019-11-05,54394,,0
2019-11-05 16:55:23,615338,3740230,54394,54401,10100,9,view,2019-11-05,54394,,0
2019-11-05 16:55:23,615338,3740230,54394,54399,10100,10,view,2019-11-05,54394,,0
2019-11-05 16:55:23,615338,3740230,54394,364034,10100,11,view,2019-11-05,54394,,0
2019-11-05 16:55:23,615338,3740230,54394,"54395,54401",20100,12,view,2019-11-05,54394,,0
2019-11-05 16:55:23,615338,3740230,54394,54397,10100,13,click,2019-11-05,54394,1.0,1
2019-11-05 21:56:03,627112,634197,87119,87124,10100,1,click,2019-11-05,87119,1.0,1
2019-11-05 12:20:28,665817,1707577,87200,87205,10100,1,click,2019-11-05,87200,1.0,1
2019-11-05 16:50:40,678446,3692298,56235,56238,10100,1,view,2019-11-05,56235,,0
2019-11-05 16:50:40,678446,3692298,56235,56239,10100,2,view,2019-11-05,56235,1.0,0
2019-11-05 16:50:40,678446,3692298,56235,"56236,56237,56238,56239",20100,3,click,2019-11-05,56235,1.0,1
2019-11-05 11:33:25,758908,3253510,87283,87284,10100,1,view,2019-11-05,-1,,0
2019-11-05 11:33:25,758908,3253510,87283,"87284,87285",20100,2,view,2019-11-05,-1,1.0,0
2019-11-05 11:33:25,758908,3253510,87283,87285,10100,3,view,2019-11-05,-1,,0
2019-11-05 11:33:25,758908,3253510,87283,87284,10111,4,view,2019-11-05,-1,,0
2019-11-05 11:33:25,758908,3253510,87283,87285,10111,5,view,2019-11-05,-1,,0
2019-11-05 11:33:25,758908,3253510,"87283,87286","87284,87285,87287,87288",30100,6,view,2019-11-05,-1,,0
2019-11-05 11:33:25,758908,3253510,87283,"87284,87285",20111,7,view,2019-11-05,-1,1.0,0
2019-11-05 11:33:25,758908,3253510,"87267,87283","87270,388664,87272,87284,87285",30101,8,view,2019-11-05,-1,,0
2019-11-05 11:33:25,758908,3253510,87283,87285,10110,9,view,2019-11-05,-1,,0
2019-11-05 11:33:25,758908,3253510,"87279,87283","87280,87281,87282,87284,87285",30100,10,view,2019-11-05,-1,,0
2019-11-05 11:33:25,758908,3253510,87283,87284,10110,11,view,2019-11-05,-1,,0
2019-11-05 11:33:25,758908,3253510,87283,"87284,87285",20101,12,view,2019-11-05,-1,1.0,0
2019-11-05 11:33:25,758908,3253510,87283,87285,10001,13,view,2019-11-05,-1,,0
2019-11-05 11:33:25,758908,3253510,"87283,87286","87284,87287",30100,14,view,2019-11-05,-1,,0
2019-11-05 11:33:25,758908,3253510,87283,87284,10010,15,view,2019-11-05,-1,,0
2019-11-05 11:33:25,758908,3253510,"87283,87286","87285,87287",30110,16,view,2019-11-05,-1,,0
2019-11-05 11:33:25,758908,3253510,87283,"87284,87285",20110,17,view,2019-11-05,-1,1.0,0
2019-11-05 11:33:25,758908,3253510,87283,87284,10101,18,view,2019-11-05,-1,,0
2019-11-05 11:33:25,758908,3253510,87283,87285,10101,19,view,2019-11-05,-1,,0
2019-11-05 11:33:25,758908,3253510,87283,"87284,87285",20001,20,view,2019-11-05,-1,1.0,0
2019-11-05 11:33:25,758908,3253510,87283,87284,10001,21,view,2019-11-05,-1,,0
2019-11-05 11:33:25,758908,3253510,87283,"87284,87285",20010,22,click,2019-11-05,-1,1.0,1
2019-11-05 18:37:14,777724,3700184,55323,55327,10100,1,click,2019-11-05,55323,1.0,1
2019-11-05 17:33:12,785435,3687416,89128,89132,10100,1,view,2019-11-05,89128,,0
2019-11-05 17:33:12,785435,3687416,89128,89129,10100,2,click,2019-11-05,89128,1.0,1
2019-11-05 16:19:12,795473,3716988,54892,54897,10100,1,view,2019-11-05,-1,,0
2019-11-05 16:19:12,795473,3716988,54892,516615,10100,2,click,2019-11-05,-1,1.0,1
2019-11-05 14:14:54,798571,3700155,54958,54962,10100,1,click,2019-11-05,54958,1.0,1
2019-11-05 06:48:53,815098,3285456,54473,54479,10100,1,view,2019-11-05,54473,,0
2019-11-05 06:48:53,815098,3285456,54473,54477,10100,2,click,2019-11-05,54473,1.0,1
2019-11-05 16:24:59,831425,3695806,54394,508275,10100,1,view,2019-11-05,54394,,0
2019-11-05 16:24:59,831425,3695806,54394,54401,10100,2,click,2019-11-05,54394,1.0,1
2019-11-05 17:01:00,855664,2871791,87790,87793,10100,1,click,2019-11-05,87790,1.0,1
2019-11-05 20:11:48,870464,1183183,87110,87118,10100,1,view,2019-11-05,87110,,0
2019-11-05 20:11:48,870464,1183183,87110,87117,10100,2,view,2019-11-05,87110,,0
2019-11-05 20:11:48,870464,1183183,87110,87116,10100,3,view,2019-11-05,87110,,0
2019-11-05 20:11:48,870464,1183183,87110,87111,10010,4,view,2019-11-05,87110,,0
2019-11-05 20:11:48,870464,1183183,87110,87115,10100,5,view,2019-11-05,87110,,0
2019-11-05 20:11:48,870464,1183183,87110,"87111,87112,87113,87114,87115,87116,87117,87118",20100,6,view,2019-11-05,87110,,0
2019-11-05 20:11:48,870464,1183183,87110,87114,10100,7,view,2019-11-05,87110,,0
2019-11-05 20:11:48,870464,1183183,87110,"87111,87112,87113,87114,87118",20100,8,view,2019-11-05,87110,,0
2019-11-05 20:11:48,870464,1183183,87110,"87111,87113,87114,87115,87117",20100,9,view,2019-11-05,87110,,0
2019-11-05 20:11:48,870464,1183183,87110,87112,10100,10,view,2019-11-05,87110,,0
2019-11-05 20:11:48,870464,1183183,"87110,87119","87111,87120",30100,11,view,2019-11-05,87110,,0
2019-11-05 20:11:48,870464,1183183,87110,"87116,87118",20100,12,view,2019-11-05,87110,,0
2019-11-05 20:11:48,870464,1183183,87110,"87115,87116",20110,13,view,2019-11-05,87110,,0
2019-11-05 20:11:48,870464,1183183,87110,"87111,87112,87113,87114,87115,87118",20100,14,view,2019-11-05,87110,,0
2019-11-05 20:11:48,870464,1183183,87110,"87111,87112,87113,87114,87116,87118",20100,15,click,2019-11-05,87110,1.0,1
2019-11-05 23:47:38,912224,3709963,87018,87019,10100,1,click,2019-11-05,87018,1.0,1
2019-11-05 18:23:23,912551,3625886,54480,54481,10100,1,view,2019-11-05,54480,,0
2019-11-05 18:23:23,912551,3625886,54480,"54481,54482",20100,2,view,2019-11-05,54480,,0
2019-11-05 18:23:23,912551,3625886,54480,54482,10100,3,click,2019-11-05,54480,1.0,1
2019-11-05 11:33:38,926478,3725655,55323,55332,10100,1,view,2019-11-05,55323,,0
2019-11-05 11:33:38,926478,3725655,55323,55331,10100,2,click,2019-11-05,55323,1.0,1
2019-11-05 22:21:47,935139,3703555,54394,508275,10100,1,view,2019-11-05,54394,,0
2019-11-05 22:21:47,935139,3703555,54394,54397,10100,2,view,2019-11-05,54394,,0
2019-11-05 22:21:47,935139,3703555,54394,364035,10100,3,view,2019-11-05,54394,,0
2019-11-05 22:21:47,935139,3703555,54394,364044,10100,4,view,2019-11-05,54394,,0
2019-11-05 22:21:47,935139,3703555,54394,54396,10100,5,view,2019-11-05,54394,,0
2019-11-05 22:21:47,935139,3703555,54394,54398,10100,6,view,2019-11-05,54394,,0
2019-11-05 22:21:47,935139,3703555,54394,364034,10100,7,view,2019-11-05,54394,,0
2019-11-05 22:21:47,935139,3703555,54394,54401,10100,8,view,2019-11-05,54394,,0
2019-11-05 22:21:47,935139,3703555,54394,54399,10100,9,view,2019-11-05,54394,,0
2019-11-05 22:21:47,935139,3703555,54394,54395,10100,10,view,2019-11-05,54394,,0
2019-11-05 22:21:47,935139,3703555,54394,364045,10100,11,view,2019-11-05,54394,,0
2019-11-05 22:21:47,935139,3703555,54394,"54395,364044,364034,364035,54396,364045,508275,54397,54398,54399,54401",20100,12,view,2019-11-05,54394,,0
2019-11-05 22:21:47,935139,3703555,54394,"364034,364035",20100,13,click,2019-11-05,54394,1.0,1
2019-11-05 22:06:09,1009712,995567,54473,54477,10100,1,view,2019-11-05,54473,,0
2019-11-05 22:06:09,1009712,995567,54473,54479,10100,2,view,2019-11-05,54473,,0
2019-11-05 22:06:09,1009712,995567,54473,54474,10100,3,view,2019-11-05,54473,,0
2019-11-05 22:06:09,1009712,995567,54473,54478,10100,4,view,2019-11-05,54473,,0
2019-11-05 22:06:09,1009712,995567,54473,"54474,54475,54476,364048,54477,54478,54479",20100,5,view,2019-11-05,54473,,0
2019-11-05 22:06:09,1009712,995567,54473,"54477,54479",20100,6,view,2019-11-05,54473,,0
2019-11-05 22:06:09,1009712,995567,54473,"54477,54478",20100,7,click,2019-11-05,54473,1.0,1
2019-11-05 16:05:27,1105179,1181883,87018,87019,10100,1,view,2019-11-05,87018,,0
2019-11-05 16:05:27,1105179,1181883,87018,87021,10100,2,view,2019-11-05,87018,,0
2019-11-05 16:05:27,1105179,1181883,87018,87020,10100,3,view,2019-11-05,87018,,0
2019-11-05 16:05:27,1105179,1181883,87018,87023,10100,4,click,2019-11-05,87018,1.0,1
2019-11-05 21:29:30,1109225,2735211,89186,89190,10100,1,click,2019-11-05,89186,1.0,1
2019-11-05 11:16:09,1225623,3754816,87857,87860,10100,1,click,2019-11-05,87857,1.0,1
2019-11-05 16:05:03,1234147,1237851,87097,87104,10100,1,view,2019-11-05,87097,,0
2019-11-05 16:05:03,1234147,1237851,87097,87105,10100,2,click,2019-11-05,87097,1.0,1
2019-11-05 16:05:25,1234147,1237851,87097,"87098,87100,87101,87102,87103,87104,87105",20100,3,view,2019-11-05,87097,,0
2019-11-05 16:05:25,1234147,1237851,87097,87098,10100,4,view,2019-11-05,87097,,0
2019-11-05 16:05:25,1234147,1237851,87097,"87098,87101,87102,87103,87104,87105",20100,5,view,2019-11-05,87097,,0
2019-11-05 16:05:25,1234147,1237851,87097,87102,10100,6,view,2019-11-05,87097,,0
2019-11-05 16:05:25,1234147,1237851,87097,"605659,87098,87101,87104,87105",20100,7,view,2019-11-05,87097,,0
2019-11-05 16:05:25,1234147,1237851,87097,87103,10100,8,view,2019-11-05,87097,,0
2019-11-05 16:05:25,1234147,1237851,87097,87101,10100,9,view,2019-11-05,87097,,0
2019-11-05 16:05:25,1234147,1237851,87097,"87103,87104,87105",20100,10,view,2019-11-05,87097,,0
2019-11-05 16:05:25,1234147,1237851,87097,"87098,87104,87105",20100,11,view,2019-11-05,87097,,0
2019-11-05 16:05:25,1234147,1237851,87097,"87103,87105",20100,12,view,2019-11-05,87097,,0
2019-11-05 16:05:25,1234147,1237851,87097,"87098,87101,87104,87105",20100,13,view,2019-11-05,87097,,0
2019-11-05 16:05:25,1234147,1237851,87097,"87098,87100,87102,87104,87105",20100,14,click,2019-11-05,87097,,0
2019-11-05 15:06:09,1234500,3707070,54394,508275,10100,1,view,2019-11-05,54394,,0
2019-11-05 15:06:09,1234500,3707070,54394,364045,10100,2,click,2019-11-05,54394,1.0,1
2019-11-05 17:38:27,1268905,3588674,55397,55400,10100,1,click,2019-11-05,55397,1.0,1
2019-11-05 17:34:14,1283541,2599295,55406,55407,10100,1,click,2019-11-05,55406,1.0,1
2019-11-05 18:07:47,1284797,2515766,54473,54477,10100,1,click,2019-11-05,-1,1.0,1
2019-11-05 06:54:21,1313017,2717196,54480,"54481,54482",20100,1,click,2019-11-05,54480,1.0,1
2019-11-05 19:11:27,1319888,3686361,54394,508275,10100,1,click,2019-11-05,-1,1.0,1
2019-11-05 14:15:27,1323030,3700709,54483,54485,10100,1,view,2019-11-05,54483,,0
2019-11-05 14:15:27,1323030,3700709,54483,"54484,54485,364049,54486,54487",20100,2,view,2019-11-05,54483,,0
2019-11-05 14:15:27,1323030,3700709,54483,54484,10100,3,view,2019-11-05,54483,,0
2019-11-05 14:15:27,1323030,3700709,54483,54487,10100,4,click,2019-11-05,54483,1.0,1
2019-11-05 13:02:25,1329854,2492149,58156,58157,10100,1,click,2019-11-05,58156,1.0,1
2019-11-05 12:24:22,1360915,3753135,86816,86817,10100,1,click,2019-11-05,86816,1.0,1
2019-11-05 17:02:00,1381164,3036263,58545,58549,10100,1,click,2019-11-05,58545,1.0,1
2019-11-05 15:59:32,1391314,1399786,87544,87546,10100,1,click,2019-11-05,87544,1.0,1
2019-11-05 17:19:08,1399062,1407470,88347,88348,10100,1,view,2019-11-05,88347,,0
2019-11-05 17:19:08,1399062,1407470,88347,88350,10100,2,click,2019-11-05,88347,1.0,1
2019-11-05 18:03:55,1406305,1414311,89256,89259,10100,1,view,2019-11-05,89256,,0
2019-11-05 18:03:55,1406305,1414311,89256,"89257,89258,89259",20100,2,click,2019-11-05,89256,1.0,1
2019-11-05 20:49:20,1454686,1460388,87110,87118,10100,1,view,2019-11-05,87110,,0
2019-11-05 20:49:20,1454686,1460388,87110,87111,10010,2,view,2019-11-05,87110,,0
2019-11-05 20:49:20,1454686,1460388,87110,87117,10100,3,click,2019-11-05,87110,1.0,1
2019-11-05 10:41:10,1480168,1484724,89387,89390,10100,1,click,2019-11-05,89387,1.0,1
2019-11-05 16:19:52,1483587,3754974,58150,364131,10100,1,view,2019-11-05,58150,,0
2019-11-05 16:19:52,1483587,3754974,"58148,58150","58149,364126,58151,58152,364131,58153",30100,2,view,2019-11-05,58150,,0
2019-11-05 16:19:52,1483587,3754974,"58141,58150","364123,364131",30100,3,view,2019-11-05,58150,,0
2019-11-05 16:19:52,1483587,3754974,58150,58153,10100,4,click,2019-11-05,58150,1.0,1
2019-11-05 14:24:48,1497955,3607131,54944,"54945,54946,54947,54948",20100,1,view,2019-11-05,54944,,0
2019-11-05 14:24:48,1497955,3607131,54944,"54945,54946,54948",20100,2,view,2019-11-05,54944,,0
2019-11-05 14:24:48,1497955,3607131,54944,"54945,54948",20100,3,click,2019-11-05,54944,1.0,1
2019-11-05 16:10:58,1508509,3691532,58096,58098,10100,1,view,2019-11-05,58096,,0
2019-11-05 16:10:58,1508509,3691532,58096,"58097,58098",20100,2,click,2019-11-05,58096,1.0,1
2019-11-05 17:25:15,1521013,3686997,87125,87127,10100,1,view,2019-11-05,87125,,0
2019-11-05 17:25:15,1521013,3686997,87125,87126,10100,2,click,2019-11-05,87125,1.0,1
2019-11-05 15:09:13,1588198,2536029,87863,87869,10100,1,view,2019-11-05,87863,,0
2019-11-05 15:09:13,1588198,2536029,87863,87868,10100,2,view,2019-11-05,87863,,0
2019-11-05 15:09:13,1588198,2536029,87863,87866,10100,3,view,2019-11-05,87863,,0
2019-11-05 15:09:13,1588198,2536029,87863,"87864,87865,87866,87868,87869",20100,4,click,2019-11-05,87863,1.0,1
2019-11-05 16:52:08,1620757,3690166,55323,55332,10100,1,view,2019-11-05,55323,,0
2019-11-05 16:52:08,1620757,3690166,55323,55331,10100,2,view,2019-11-05,55323,,0
2019-11-05 16:52:08,1620757,3690166,55323,"55324,55325,55326,55327,55328,55329,55330,55331,55332",20100,3,view,2019-11-05,55323,,0
2019-11-05 16:52:08,1620757,3690166,55323,55330,10100,4,view,2019-11-05,55323,,0
2019-11-05 16:52:08,1620757,3690166,55323,55329,10110,5,click,2019-11-05,55323,1.0,1
2019-11-05 16:48:30,1682930,1675270,87110,87118,10100,1,view,2019-11-05,87110,,0
2019-11-05 16:48:30,1682930,1675270,87110,87111,10010,2,view,2019-11-05,87110,,0
2019-11-05 16:48:30,1682930,1675270,87110,87117,10100,3,click,2019-11-05,87110,1.0,1
2019-11-05 16:10:02,1685215,3692954,54394,508275,10100,1,view,2019-11-05,54394,,0
2019-11-05 16:10:02,1685215,3692954,54394,54398,10100,2,click,2019-11-05,54394,1.0,1
2019-11-05 14:12:27,1729805,2284895,87119,"87120,87122,87124",20100,1,view,2019-11-05,87119,,0
2019-11-05 14:12:27,1729805,2284895,87119,87124,10100,2,view,2019-11-05,87119,,0
2019-11-05 14:12:27,1729805,2284895,87119,87122,10100,3,view,2019-11-05,87119,,0
2019-11-05 14:12:27,1729805,2284895,87119,87120,10100,4,view,2019-11-05,87119,,0
2019-11-05 14:12:27,1729805,2284895,87119,"87122,87124",20100,5,view,2019-11-05,87119,,0
2019-11-05 14:12:27,1729805,2284895,87119,"87120,87122",20100,6,view,2019-11-05,87119,,0
2019-11-05 14:12:27,1729805,2284895,87119,"87120,87124",20100,7,click,2019-11-05,87119,1.0,1
2019-11-05 18:38:49,1731878,1722061,87936,87938,10100,1,click,2019-11-05,87936,1.0,1
2019-11-05 18:30:41,1779244,3758110,54380,54381,10100,1,view,2019-11-05,54380,,0
2019-11-05 18:30:41,1779244,3758110,54380,"54381,54382",20100,2,view,2019-11-05,54380,,0
2019-11-05 18:30:41,1779244,3758110,54380,54382,10100,3,click,2019-11-05,54380,1.0,1
2019-11-05 16:12:12,1779282,1764664,86791,86793,10100,1,click,2019-11-05,86791,1.0,1
2019-11-05 07:19:13,1782361,3744104,54380,54381,10100,1,view,2019-11-05,54380,,0
2019-11-05 07:19:13,1782361,3744104,54380,"54381,54382",20100,2,click,2019-11-05,54380,1.0,1
2019-11-05 11:18:49,1801771,2582455,54963,54966,10100,1,view,2019-11-05,54963,,0
2019-11-05 11:18:49,1801771,2582455,54963,54964,10100,2,view,2019-11-05,54963,,0
2019-11-05 11:18:49,1801771,2582455,54963,"54964,54965,54966",20100,3,view,2019-11-05,54963,,0
2019-11-05 11:18:49,1801771,2582455,54963,54965,10100,4,view,2019-11-05,54963,,0
2019-11-05 11:18:49,1801771,2582455,54963,"54965,54966",20100,5,click,2019-11-05,54963,1.0,1
2019-11-05 19:44:57,1813116,1797930,86991,86998,10100,1,click,2019-11-05,86991,1.0,1
2019-11-05 15:58:57,1863190,3688823,87800,87803,10100,1,view,2019-11-05,87800,,0
2019-11-05 15:58:57,1863190,3688823,87800,87802,10100,2,view,2019-11-05,87800,,0
2019-11-05 15:58:57,1863190,3688823,87800,"87801,87802,87803",20100,3,view,2019-11-05,87800,,0
2019-11-05 15:58:57,1863190,3688823,87800,87801,10100,4,view,2019-11-05,87800,,0
2019-11-05 15:58:57,1863190,3688823,87800,"87802,87803",20100,5,click,2019-11-05,87800,1.0,1
2019-11-05 16:59:02,1879517,1863739,86816,86820,10100,1,click,2019-11-05,86816,1.0,1
2019-11-05 10:52:00,1880526,3480605,87263,"87264,87265",20100,1,click,2019-11-05,87263,1.0,1
2019-11-05 09:03:39,1910378,3689917,54394,54399,10100,1,view,2019-11-05,54394,,0
2019-11-05 09:03:39,1910378,3689917,54394,508275,10100,2,view,2019-11-05,54394,,0
2019-11-05 09:03:39,1910378,3689917,54394,54401,10100,3,click,2019-11-05,54394,1.0,1
2019-11-05 15:14:30,1921401,1905923,89030,508173,10100,1,click,2019-11-05,89030,1.0,1
2019-11-05 13:01:54,1935697,1921678,86812,86814,10100,1,click,2019-11-05,-1,1.0,1
2019-11-05 23:08:30,2009700,2827551,86799,424715,10100,1,view,2019-11-05,86799,,0
2019-11-05 23:08:30,2009700,2827551,86799,86800,10100,2,view,2019-11-05,86799,,0
2019-11-05 23:08:30,2009700,2827551,86799,"86800,86801,86802,86803,86804,86805,424715",20100,3,view,2019-11-05,86799,,0
2019-11-05 23:08:30,2009700,2827551,86799,86804,10100,4,view,2019-11-05,86799,,0
2019-11-05 23:08:30,2009700,2827551,86799,86802,10100,5,view,2019-11-05,86799,,0
2019-11-05 23:08:30,2009700,2827551,86799,86805,10100,6,click,2019-11-05,86799,1.0,1
2019-11-05 23:10:48,2009700,2827551,86799,"86800,86801",20110,7,view,2019-11-05,86799,,0
2019-11-05 23:10:48,2009700,2827551,86799,"86800,86801,86802,86803,86804,86805",20100,8,view,2019-11-05,86799,,0
2019-11-05 23:10:48,2009700,2827551,86799,86801,10100,9,view,2019-11-05,86799,,0
2019-11-05 23:10:48,2009700,2827551,86799,86803,10100,10,view,2019-11-05,86799,,0
2019-11-05 23:10:48,2009700,2827551,86799,86804,10110,11,view,2019-11-05,86799,,0
2019-11-05 23:10:48,2009700,2827551,86799,86800,10110,12,view,2019-11-05,86799,,0
2019-11-05 23:10:48,2009700,2827551,86799,86805,10001,13,click,2019-11-05,86799,1.0,1
2019-11-05 11:57:17,2024738,3742259,86799,424715,10100,1,view,2019-11-05,86799,,0
2019-11-05 11:57:17,2024738,3742259,86799,86802,10100,2,view,2019-11-05,86799,,0
2019-11-05 11:57:17,2024738,3742259,86799,86803,10100,3,click,2019-11-05,86799,1.0,1
2019-11-05 16:29:34,2042828,2086592,89239,89240,10100,1,view,2019-11-05,89239,1.0,0
2019-11-05 16:29:34,2042828,2086592,89239,89244,10010,2,view,2019-11-05,89239,,0
2019-11-05 16:29:34,2042828,2086592,89239,89245,10100,3,view,2019-11-05,89239,,0
2019-11-05 16:29:34,2042828,2086592,89239,"89240,89243,89245",20100,4,view,2019-11-05,89239,,0
2019-11-05 16:29:34,2042828,2086592,89239,"89240,89241,89243,89244,89245,89246",20100,5,view,2019-11-05,89239,,0
2019-11-05 16:29:34,2042828,2086592,89239,"89240,89243,89244,89245",20110,6,view,2019-11-05,89239,,0
2019-11-05 16:29:34,2042828,2086592,89239,89246,10100,7,view,2019-11-05,89239,,0
2019-11-05 16:29:34,2042828,2086592,89239,"89245,89246",20100,8,view,2019-11-05,89239,,0
2019-11-05 16:29:34,2042828,2086592,89239,"89244,89245",20100,9,view,2019-11-05,89239,,0
2019-11-05 16:29:34,2042828,2086592,89239,89241,10100,10,view,2019-11-05,89239,,0
2019-11-05 16:29:34,2042828,2086592,89239,89243,10100,11,view,2019-11-05,89239,,0
2019-11-05 16:29:34,2042828,2086592,89239,"89244,89245,89246",20100,12,view,2019-11-05,89239,,0
2019-11-05 16:29:34,2042828,2086592,89239,"89240,89241,89243,89244,89245",20100,13,view,2019-11-05,89239,,0
2019-11-05 16:29:34,2042828,2086592,89239,"89240,89241,89244,89245,89246",20100,14,view,2019-11-05,89239,,0
2019-11-05 16:29:34,2042828,2086592,89239,"89243,89244,89245,89246",20100,15,view,2019-11-05,89239,,0
2019-11-05 16:29:34,2042828,2086592,89239,"89243,89244,89245",20100,16,click,2019-11-05,89239,1.0,1
2019-11-05 12:52:50,2049530,3727624,55333,55334,10100,1,click,2019-11-05,55333,1.0,1
2019-11-05 17:18:37,2118350,2071864,86991,86998,10100,1,click,2019-11-05,86991,1.0,1
2019-11-05 16:51:49,2123192,3705466,89260,"89261,89262",20100,1,click,2019-11-05,89260,1.0,1
2019-11-05 17:16:04,2143735,3709220,54394,508275,10100,1,view,2019-11-05,54394,,0
2019-11-05 17:16:04,2143735,3709220,54394,54399,10100,2,view,2019-11-05,54394,,0
2019-11-05 17:16:04,2143735,3709220,54394,54398,10100,3,view,2019-11-05,54394,,0
2019-11-05 17:16:04,2143735,3709220,54394,54397,10100,4,view,2019-11-05,54394,,0
2019-11-05 17:16:04,2143735,3709220,54394,54401,10100,5,click,2019-11-05,54394,1.0,1
2019-11-05 15:06:40,2187177,2243375,87110,87117,10100,1,view,2019-11-05,87110,,0
2019-11-05 15:06:40,2187177,2243375,87110,87118,10100,2,click,2019-11-05,87110,1.0,1
2019-11-05 09:20:28,2223269,2160834,87004,505100,10100,1,click,2019-11-05,87004,1.0,1
2019-11-05 16:42:37,2240627,2176373,86816,86820,10100,1,click,2019-11-05,86816,1.0,1
2019-11-05 18:45:19,2277167,3549603,88822,88828,10100,1,view,2019-11-05,88822,,0
2019-11-05 18:45:19,2277167,3549603,88822,505314,10100,2,view,2019-11-05,88822,,0
2019-11-05 18:45:19,2277167,3549603,88822,88832,10100,3,view,2019-11-05,88822,,0
2019-11-05 18:45:19,2277167,3549603,88822,508164,10100,4,click,2019-11-05,88822,1.0,1
2019-11-05 17:05:39,2284247,2945703,87533,87537,10100,1,view,2019-11-05,87533,,0
2019-11-05 17:05:39,2284247,2945703,87533,"87534,87535,87536,87537,87538",20100,2,view,2019-11-05,87533,,0
2019-11-05 17:05:39,2284247,2945703,87533,87538,10100,3,click,2019-11-05,87533,1.0,1
2019-11-05 09:39:36,2290470,2219860,87110,87118,10100,1,click,2019-11-05,87110,1.0,1
2019-11-05 14:19:09,2380176,2628923,87625,"87626,87627,87628,87629,87630",20100,1,view,2019-11-05,87625,,0
2019-11-05 14:19:09,2380176,2628923,87625,87630,10100,2,view,2019-11-05,87625,,0
2019-11-05 14:19:09,2380176,2628923,87625,87627,10100,3,view,2019-11-05,87625,,0
2019-11-05 14:19:09,2380176,2628923,87625,87626,10100,4,view,2019-11-05,87625,,0
2019-11-05 14:19:09,2380176,2628923,87625,87629,10100,5,view,2019-11-05,87625,,0
2019-11-05 14:19:09,2380176,2628923,87625,87628,10100,6,view,2019-11-05,87625,,0
2019-11-05 14:19:09,2380176,2628923,87625,"87629,87630",20100,7,click,2019-11-05,87625,1.0,1
2019-11-05 17:17:01,2408755,2552361,54473,54477,10100,1,click,2019-11-05,54473,1.0,1
2019-11-05 06:54:31,2488505,3725596,87004,505100,10100,1,view,2019-11-05,87004,,0
2019-11-05 06:54:31,2488505,3725596,87004,"87005,87006,87007,87008,87009,87010,87011,87012,505100",20100,2,view,2019-11-05,87004,,0
2019-11-05 06:54:31,2488505,3725596,87004,87010,10100,3,view,2019-11-05,87004,,0
2019-11-05 06:54:31,2488505,3725596,87004,87012,10100,4,view,2019-11-05,87004,,0
2019-11-05 06:54:31,2488505,3725596,87004,87007,10100,5,view,2019-11-05,87004,,0
2019-11-05 06:54:31,2488505,3725596,87004,87009,10100,6,view,2019-11-05,87004,,0
2019-11-05 06:54:31,2488505,3725596,87004,"87007,87008",20100,7,view,2019-11-05,87004,,0
2019-11-05 06:54:31,2488505,3725596,87004,"87007,87009,505100",20100,8,view,2019-11-05,87004,,0
2019-11-05 06:54:31,2488505,3725596,87004,"87006,87007,87008,87009,87010,87011,87012,505100",20100,9,view,2019-11-05,87004,,0
2019-11-05 06:54:31,2488505,3725596,87004,"87007,87012",20100,10,view,2019-11-05,87004,,0
2019-11-05 06:54:31,2488505,3725596,87004,"87007,87008,87009,87010",20100,11,view,2019-11-05,87004,,0
2019-11-05 06:54:31,2488505,3725596,87004,"87005,87006,87007,87008,87009,87010,87011,87012",20100,12,view,2019-11-05,87004,,0
2019-11-05 06:54:31,2488505,3725596,87004,"87007,87009",20100,13,view,2019-11-05,87004,,0
2019-11-05 06:54:31,2488505,3725596,87004,"87006,87007",20100,14,view,2019-11-05,87004,,0
2019-11-05 06:54:31,2488505,3725596,87004,"87005,87006,87007,87009,87010,87012",20100,15,view,2019-11-05,87004,,0
2019-11-05 06:54:31,2488505,3725596,87004,"87006,87007,87008",20100,16,view,2019-11-05,87004,,0
2019-11-05 06:54:31,2488505,3725596,87004,"87005,87006,87007,87008,87009,87012,505100",20100,17,view,2019-11-05,87004,,0
2019-11-05 06:54:31,2488505,3725596,87004,87008,10010,18,view,2019-11-05,87004,,0
2019-11-05 06:54:31,2488505,3725596,87004,"87006,87007,87008,87010,87011,87012,505100",20100,19,view,2019-11-05,87004,,0
2019-11-05 06:54:31,2488505,3725596,87004,"87006,87007,87008,87010,87012",20100,20,view,2019-11-05,87004,,0
2019-11-05 06:54:31,2488505,3725596,87004,"87006,87008",20100,21,view,2019-11-05,87004,,0
2019-11-05 06:54:31,2488505,3725596,87004,"87006,87007,87008,87010,505100",20100,22,view,2019-11-05,87004,,0
2019-11-05 06:54:31,2488505,3725596,87004,"87006,87007,87010",20100,23,view,2019-11-05,87004,,0
2019-11-05 06:54:31,2488505,3725596,87004,"87006,87007,87008,87009,87010,87012",20100,24,view,2019-11-05,87004,,0
2019-11-05 06:54:31,2488505,3725596,87004,"87007,87009,87010",20100,25,view,2019-11-05,87004,,0
2019-11-05 06:54:31,2488505,3725596,87004,"87007,87008,87012",20100,26,view,2019-11-05,87004,,0
2019-11-05 06:54:31,2488505,3725596,87004,"87006,87007,87008,87009,87010,87012,505100",20100,27,view,2019-11-05,87004,,0
2019-11-05 06:54:31,2488505,3725596,87004,"87006,87007,87008,87009,87012",20100,28,view,2019-11-05,87004,,0
2019-11-05 06:54:31,2488505,3725596,"87004,87013","87009,87014",30100,29,click,2019-11-05,87004,1.0,1
2019-11-05 22:00:42,2513536,2425846,87544,87546,10100,1,view,2019-11-05,-1,,0
2019-11-05 22:00:42,2513536,2425846,87544,87545,10100,2,view,2019-11-05,-1,,0
2019-11-05 22:00:42,2513536,2425846,87544,"87545,87546",20100,3,click,2019-11-05,-1,1.0,1
2019-11-05 16:00:20,2563056,2531545,55828,55834,10100,1,view,2019-11-05,55828,,0
2019-11-05 16:00:20,2563056,2531545,55828,55833,10100,2,view,2019-11-05,55828,,0
2019-11-05 16:00:20,2563056,2531545,55828,"55829,55830,55831,55834,55832,55833",20100,3,view,2019-11-05,55828,,0
2019-11-05 16:00:20,2563056,2531545,55828,55832,10100,4,view,2019-11-05,55828,,0
2019-11-05 16:00:20,2563056,2531545,55828,55831,10100,5,click,2019-11-05,55828,1.0,1
2019-11-05 16:04:28,2567613,2498831,55403,364055,10100,1,click,2019-11-05,55403,1.0,1
2019-11-05 16:43:09,2580179,2518896,86816,86817,10100,1,click,2019-11-05,86816,1.0,1
2019-11-05 18:46:52,2585402,3690598,55403,55405,10100,1,click,2019-11-05,55403,1.0,1
2019-11-05 19:05:49,2599448,2541895,87018,87019,10100,1,click,2019-11-05,-1,1.0,1
2019-11-05 17:49:43,2614762,2558223,86812,86814,10100,1,click,2019-11-05,86812,1.0,1
2019-11-05 18:04:36,2632432,2575591,54480,54481,10100,1,click,2019-11-05,-1,1.0,1
2019-11-05 12:30:53,2650541,3691070,55323,55332,10100,1,click,2019-11-05,55323,1.0,1
2019-11-05 16:00:39,2654168,3083506,54473,"54474,54475,54476,364048,54477,54478,54479",20100,1,view,2019-11-05,54473,,0
2019-11-05 16:00:39,2654168,3083506,54473,54477,10100,2,view,2019-11-05,54473,,0
2019-11-05 16:00:39,2654168,3083506,54473,54479,10100,3,click,2019-11-05,54473,1.0,1
2019-11-05 17:17:58,2659586,2603433,54473,54474,10100,1,view,2019-11-05,-1,,0
2019-11-05 17:17:58,2659586,2603433,"54468,54473","54472,54474",30100,2,view,2019-11-05,-1,,0
2019-11-05 17:17:58,2659586,2603433,"54473,55393","54474,505119",30100,3,view,2019-11-05,-1,,0
2019-11-05 17:17:58,2659586,2603433,54473,"54474,54475,54476,364048,54477,54478,54479",20100,4,view,2019-11-05,-1,,0
2019-11-05 17:17:58,2659586,2603433,54473,"54474,54475",20110,5,view,2019-11-05,-1,,0
2019-11-05 17:17:58,2659586,2603433,54473,54477,10100,6,view,2019-11-05,-1,,0
2019-11-05 17:17:58,2659586,2603433,54473,54479,10100,7,view,2019-11-05,-1,,0
2019-11-05 17:17:58,2659586,2603433,54473,"54474,54475,54476",20100,8,view,2019-11-05,-1,,0
2019-11-05 17:17:58,2659586,2603433,54473,"54474,54475,54476,364048",20100,9,view,2019-11-05,-1,,0
2019-11-05 17:17:58,2659586,2603433,54473,54475,10100,10,view,2019-11-05,-1,,0
2019-11-05 17:17:58,2659586,2603433,54473,"54474,54477",20100,11,click,2019-11-05,-1,1.0,1
2019-11-05 13:24:21,2660808,3751301,86904,505112,10100,1,click,2019-11-05,86904,1.0,1
2019-11-05 15:27:15,2691157,2635120,86812,86815,10100,1,view,2019-11-05,86812,,0
2019-11-05 15:27:15,2691157,2635120,86812,505080,10100,2,view,2019-11-05,86812,,0
2019-11-05 15:27:15,2691157,2635120,86812,86813,10100,3,click,2019-11-05,86812,1.0,1
2019-11-05 21:37:30,2708758,2653037,86799,424715,10100,1,view,2019-11-05,86799,,0
2019-11-05 21:37:30,2708758,2653037,86799,86800,10100,2,view,2019-11-05,86799,,0
2019-11-05 21:37:30,2708758,2653037,86799,86804,10110,3,view,2019-11-05,86799,,0
2019-11-05 21:37:30,2708758,2653037,86799,"86800,86801,86802,86803,86804,86805,424715",20100,4,view,2019-11-05,86799,,0
2019-11-05 21:37:30,2708758,2653037,86799,"86800,86801",20110,5,click,2019-11-05,86799,1.0,1
2019-11-05 19:14:19,2715199,2660067,54468,"54469,54470,54471,54472",20100,1,view,2019-11-05,54468,,0
2019-11-05 19:14:19,2715199,2660067,54468,54471,10100,2,view,2019-11-05,54468,,0
2019-11-05 19:14:19,2715199,2660067,54468,54469,10100,3,click,2019-11-05,54468,1.0,1
2019-11-05 11:47:34,2716089,3687175,87477,87479,10100,1,click,2019-11-05,87477,1.0,1
2019-11-05 20:01:45,2716089,3687175,87477,"87478,87479",20100,1,view,2019-11-05,87477,,0
2019-11-05 20:01:45,2716089,3687175,87477,87478,10100,3,view,2019-11-05,87477,,0
2019-11-05 20:01:45,2716089,3687175,"87477,87480","87479,87481",30101,4,click,2019-11-05,87477,,0
2019-11-05 17:50:56,2732652,2677311,58156,58157,10100,1,click,2019-11-05,58156,1.0,1
2019-11-05 14:54:26,2750312,2695847,87004,87007,10100,1,click,2019-11-05,87004,1.0,1
2019-11-05 23:48:56,2755162,2701008,86909,505113,10100,1,click,2019-11-05,-1,1.0,1
2019-11-05 17:27:42,2762457,2710343,86922,86923,10100,1,view,2019-11-05,86922,,0
2019-11-05 17:27:42,2762457,2710343,86922,86925,10100,2,view,2019-11-05,86922,,0
2019-11-05 17:27:42,2762457,2710343,86922,86924,10100,3,view,2019-11-05,86922,,0
2019-11-05 17:27:42,2762457,2710343,86922,391834,10100,4,view,2019-11-05,86922,,0
2019-11-05 17:27:42,2762457,2710343,86922,388021,10100,5,click,2019-11-05,86922,1.0,1
2019-11-05 18:28:13,2769336,2717770,87705,87710,10100,1,view,2019-11-05,87705,,0
2019-11-05 18:28:13,2769336,2717770,87705,"87706,87707,87708,87709,87710",20100,2,click,2019-11-05,87705,1.0,1
2019-11-05 11:05:28,2772815,3688848,54394,508275,10100,1,click,2019-11-05,54394,1.0,1
2019-11-05 18:41:52,2809843,3721419,55397,55400,10100,1,view,2019-11-05,55397,,0
2019-11-05 18:41:52,2809843,3721419,55397,505184,10110,2,click,2019-11-05,55397,1.0,1
2019-11-05 15:25:58,2827804,2785775,54958,54962,10100,1,click,2019-11-05,54958,1.0,1
2019-11-05 15:41:57,2840365,3720744,86812,86814,10100,1,view,2019-11-05,86812,,0
2019-11-05 15:41:57,2840365,3720744,86812,86815,10100,2,view,2019-11-05,86812,,0
2019-11-05 15:41:57,2840365,3720744,86812,505080,10100,3,click,2019-11-05,86812,1.0,1
2019-11-05 14:56:17,2842460,3694575,54402,54403,10100,1,click,2019-11-05,54402,1.0,1
2019-11-05 17:55:40,2867581,3723770,87351,87358,10100,1,view,2019-11-05,87351,,0
2019-11-05 17:55:40,2867581,3723770,87351,"87352,87353,87354,87355,87356,87357,87358",20100,2,view,2019-11-05,87351,,0
2019-11-05 17:55:40,2867581,3723770,87351,87354,10100,3,view,2019-11-05,87351,,0
2019-11-05 17:55:40,2867581,3723770,87351,"87352,87353,87354,87355,87356,87357",20100,4,view,2019-11-05,87351,,0
2019-11-05 17:55:40,2867581,3723770,87351,87353,10100,5,view,2019-11-05,87351,,0
2019-11-05 17:55:40,2867581,3723770,87351,87356,10100,6,view,2019-11-05,87351,,0
2019-11-05 17:55:40,2867581,3723770,87351,87357,10100,7,view,2019-11-05,87351,,0
2019-11-05 17:55:40,2867581,3723770,87351,"87355,87356,87357",20100,8,click,2019-11-05,87351,1.0,1
2019-11-05 07:00:51,2877633,2843144,87004,505100,10100,1,click,2019-11-05,87004,1.0,1
2019-11-05 07:02:13,2877633,2843144,87004,87010,10100,2,view,2019-11-05,87004,,0
2019-11-05 07:02:13,2877633,2843144,87004,"87005,87006,87007,87008,87009,87010,87011,87012,505100",20100,3,view,2019-11-05,87004,,0
2019-11-05 07:02:13,2877633,2843144,87004,87012,10100,4,view,2019-11-05,87004,,0
2019-11-05 07:02:13,2877633,2843144,87004,87008,10100,5,view,2019-11-05,87004,,0
2019-11-05 07:02:13,2877633,2843144,87004,87009,10100,6,view,2019-11-05,87004,,0
2019-11-05 07:02:13,2877633,2843144,87004,"87005,87006,87007,87008,87009,87010,87011,87012",20100,7,view,2019-11-05,87004,,0
2019-11-05 07:02:13,2877633,2843144,87004,"87012,505100",20111,8,view,2019-11-05,87004,,0
2019-11-05 07:02:13,2877633,2843144,87004,87007,10100,9,view,2019-11-05,87004,,0
2019-11-05 07:02:13,2877633,2843144,"87004,87013","505100,87014",30110,10,view,2019-11-05,87004,,0
2019-11-05 07:02:13,2877633,2843144,87004,"87005,87006,87007,87009,87010,87012",20100,11,view,2019-11-05,87004,,0
2019-11-05 07:02:13,2877633,2843144,87004,"87008,87010,87012,505100",20100,12,view,2019-11-05,87004,,0
2019-11-05 07:02:13,2877633,2843144,87004,"87005,87006,87008,87009,87010,505100",20100,13,view,2019-11-05,87004,,0
2019-11-05 07:02:13,2877633,2843144,87004,"87005,87006,87007,87008,87009,87012,505100",20100,14,view,2019-11-05,87004,,0
2019-11-05 07:02:13,2877633,2843144,87004,"87009,505100",20100,15,view,2019-11-05,87004,,0
2019-11-05 07:02:13,2877633,2843144,87004,"87006,87007,87008,87009,87010,87011,87012,505100",20100,16,view,2019-11-05,87004,,0
2019-11-05 07:02:13,2877633,2843144,87004,"87005,87008,87009,87010,87012,505100",20100,17,view,2019-11-05,87004,,0
2019-11-05 07:02:13,2877633,2843144,87004,"87007,87009,505100",20100,18,view,2019-11-05,87004,,0
2019-11-05 07:02:13,2877633,2843144,87004,"87006,87007,87008,87010,505100",20100,19,view,2019-11-05,87004,,0
2019-11-05 07:02:13,2877633,2843144,87004,"87006,87007,87008,87010,87012",20100,20,view,2019-11-05,87004,,0
2019-11-05 07:02:13,2877633,2843144,87004,"87005,87006,87007,87008,87009,87010,87012,505100",20100,21,view,2019-11-05,87004,,0
2019-11-05 07:02:13,2877633,2843144,87004,"87008,87010,87012",20100,22,view,2019-11-05,87004,,0
2019-11-05 07:02:13,2877633,2843144,87004,"87005,87006,87007,87008,87012",20100,23,view,2019-11-05,87004,,0
2019-11-05 07:02:13,2877633,2843144,87004,"87005,87007,87008,87009,87010,87012",20100,24,view,2019-11-05,87004,,0
2019-11-05 07:02:13,2877633,2843144,87004,"87005,87007,87008,87010,87012",20100,25,view,2019-11-05,87004,,0
2019-11-05 07:02:13,2877633,2843144,87004,"87006,87007,87008,87010,87011,87012,505100",20100,26,view,2019-11-05,87004,,0
2019-11-05 07:02:13,2877633,2843144,87004,"87005,87006,87007,87008,87009,87011,87012,505100",20100,27,view,2019-11-05,87004,,0
2019-11-05 07:02:13,2877633,2843144,87004,"87010,505100",20100,28,click,2019-11-05,87004,1.0,1
2019-11-05 17:32:21,2897415,2846355,87467,87476,10100,1,click,2019-11-05,87467,1.0,1
2019-11-05 18:59:28,2905900,3741279,87200,87205,10100,1,view,2019-11-05,-1,,0
2019-11-05 18:59:28,2905900,3741279,87200,87207,10100,2,view,2019-11-05,-1,,0
2019-11-05 18:59:28,2905900,3741279,87200,87203,10100,3,view,2019-11-05,-1,,0
2019-11-05 18:59:28,2905900,3741279,87200,87204,10100,4,view,2019-11-05,-1,,0
2019-11-05 18:59:28,2905900,3741279,87200,"87205,87206",20100,5,view,2019-11-05,-1,,0
2019-11-05 18:59:28,2905900,3741279,87200,"87205,87206,87208",20100,6,view,2019-11-05,-1,,0
2019-11-05 18:59:28,2905900,3741279,87200,"87204,87205",20100,7,view,2019-11-05,-1,,0
2019-11-05 18:59:28,2905900,3741279,"87200,87209","87205,87210,87211",30100,8,view,2019-11-05,-1,,0
2019-11-05 18:59:28,2905900,3741279,87200,"87202,87204,87205,87207",20100,9,view,2019-11-05,-1,,0
2019-11-05 18:59:28,2905900,3741279,87200,"87201,87205",20100,10,view,2019-11-05,-1,,0
2019-11-05 18:59:28,2905900,3741279,87200,"87205,87206,87207",20100,11,view,2019-11-05,-1,,0
2019-11-05 18:59:28,2905900,3741279,87200,87202,10100,12,view,2019-11-05,-1,,0
2019-11-05 18:59:28,2905900,3741279,87200,"87205,87206,87207,87208",20100,13,view,2019-11-05,-1,,0
2019-11-05 18:59:28,2905900,3741279,87200,"87205,87207,87208",20100,14,view,2019-11-05,-1,,0
2019-11-05 18:59:28,2905900,3741279,87200,"87202,87205",20100,15,view,2019-11-05,-1,,0
2019-11-05 18:59:28,2905900,3741279,87200,"87204,87205,87206",20100,16,view,2019-11-05,-1,,0
2019-11-05 18:59:28,2905900,3741279,87200,"87207,87208",20100,17,view,2019-11-05,-1,,0
2019-11-05 18:59:28,2905900,3741279,87200,"87201,87202,87205",20100,18,view,2019-11-05,-1,,0
2019-11-05 18:59:28,2905900,3741279,87200,"87204,87205,87206,87207,87208",20100,19,view,2019-11-05,-1,,0
2019-11-05 18:59:28,2905900,3741279,87200,"87201,87202,87205,87206,87207,87208",20100,20,view,2019-11-05,-1,,0
2019-11-05 18:59:28,2905900,3741279,87200,"87202,87204,87205",20100,21,view,2019-11-05,-1,,0
2019-11-05 18:59:28,2905900,3741279,87200,87206,10100,22,view,2019-11-05,-1,,0
2019-11-05 18:59:28,2905900,3741279,87200,"87201,87202,87204,87205",20100,23,view,2019-11-05,-1,,0
2019-11-05 18:59:28,2905900,3741279,87200,"87202,87205,87206,87207,87208",20100,24,view,2019-11-05,-1,,0
2019-11-05 18:59:28,2905900,3741279,87200,"87201,87204,87205,87206,87207,87208",20100,25,view,2019-11-05,-1,,0
2019-11-05 18:59:28,2905900,3741279,87200,"87202,87204,87205,87206",20100,26,click,2019-11-05,-1,1.0,1
2019-11-05 21:32:27,2910577,3763454,87283,87284,10100,1,click,2019-11-05,87283,1.0,1
2019-11-05 12:51:33,2921656,2891264,54480,54481,10100,1,view,2019-11-05,-1,,0
2019-11-05 12:51:33,2921656,2891264,54480,"54481,54482",20100,2,click,2019-11-05,-1,1.0,1
2019-11-05 17:21:52,2926025,2896714,54473,54479,10100,1,click,2019-11-05,54473,1.0,1
2019-11-05 15:41:31,2958675,3361232,54967,54969,10100,1,view,2019-11-05,54967,,0
2019-11-05 15:41:31,2958675,3361232,54967,54968,10100,2,view,2019-11-05,54967,,0
2019-11-05 15:41:31,2958675,3361232,54967,54970,10100,3,view,2019-11-05,54967,,0
2019-11-05 15:41:31,2958675,3361232,54967,"54968,54969",20111,4,click,2019-11-05,54967,1.0,1
2019-11-05 17:11:18,3003129,3689867,55397,55402,10100,1,click,2019-11-05,55397,1.0,1
2019-11-05 19:19:30,3007021,2991498,86901,86902,10100,1,click,2019-11-05,86901,1.0,1
2019-11-05 18:45:38,3038536,3712678,54394,54401,10100,1,click,2019-11-05,54394,1.0,1
2019-11-05 14:37:03,3074590,3685631,86816,86817,10100,1,view,2019-11-05,86816,,0
2019-11-05 14:37:03,3074590,3685631,86816,86820,10100,2,view,2019-11-05,86816,,0
2019-11-05 14:37:03,3074590,3685631,86816,86819,10100,3,view,2019-11-05,86816,,0
2019-11-05 14:37:03,3074590,3685631,86816,605651,10100,4,view,2019-11-05,86816,,0
2019-11-05 14:37:03,3074590,3685631,86816,86818,10100,5,view,2019-11-05,86816,,0
2019-11-05 14:37:03,3074590,3685631,86816,505081,10100,6,view,2019-11-05,86816,,0
2019-11-05 14:37:03,3074590,3685631,86816,86824,10100,7,view,2019-11-05,86816,,0
2019-11-05 14:37:03,3074590,3685631,86816,86821,10100,8,click,2019-11-05,86816,1.0,1
2019-11-05 14:38:04,3074590,3685631,86816,"605651,86821",20110,8,view,2019-11-05,86816,,0
2019-11-05 14:38:04,3074590,3685631,86816,"86819,86820",20100,9,view,2019-11-05,86816,,0
2019-11-05 19:51:46,3087372,3704548,55323,55331,10110,1,click,2019-11-05,55323,1.0,1
2019-11-05 18:10:54,3092697,3685096,86922,86923,10100,1,view,2019-11-05,86922,,0
2019-11-05 18:10:54,3092697,3685096,86922,86924,10100,2,click,2019-11-05,86922,1.0,1
2019-11-05 18:12:19,3092697,3685097,87125,87127,10100,1,view,2019-11-05,87125,,0
2019-11-05 18:12:19,3092697,3685097,87125,87128,10100,2,view,2019-11-05,87125,,0
2019-11-05 18:12:19,3092697,3685097,87125,87129,10100,3,view,2019-11-05,87125,,0
2019-11-05 18:12:19,3092697,3685097,87125,87126,10100,4,view,2019-11-05,87125,,0
2019-11-05 18:12:19,3092697,3685097,87125,87131,10100,5,view,2019-11-05,87125,,0
2019-11-05 18:12:19,3092697,3685097,87125,"87126,87127,87128,87129,87130,87131",20100,6,view,2019-11-05,87125,,0
2019-11-05 18:12:19,3092697,3685097,87125,87130,10100,7,view,2019-11-05,87125,,0
2019-11-05 18:12:19,3092697,3685097,87125,"87129,87131",20100,8,view,2019-11-05,87125,,0
2019-11-05 18:12:19,3092697,3685097,87125,"87128,87129,87131",20100,9,click,2019-11-05,87125,1.0,1
2019-11-05 16:51:54,3131212,3138431,86806,86810,10100,1,click,2019-11-05,86806,1.0,1
2019-11-05 21:28:37,3142862,3715373,54892,516615,10100,1,click,2019-11-05,54892,1.0,1
2019-11-05 15:55:49,3149359,3297475,89256,89259,10100,1,view,2019-11-05,89256,,0
2019-11-05 15:55:49,3149359,3297475,89256,"89257,89258,89259",20100,2,view,2019-11-05,89256,,0
2019-11-05 15:55:49,3149359,3297475,89256,89258,10100,3,view,2019-11-05,89256,,0
2019-11-05 15:55:49,3149359,3297475,89256,"89258,89259",20100,4,view,2019-11-05,89256,1.0,0
2019-11-05 15:55:49,3149359,3297475,89256,"89257,89259",20100,5,view,2019-11-05,89256,,0
2019-11-05 15:55:49,3149359,3297475,89256,89257,10100,6,view,2019-11-05,89256,,0
2019-11-05 15:55:49,3149359,3297475,89256,"89257,89258",20100,7,view,2019-11-05,89256,,0
2019-11-05 15:55:49,3149359,3297475,"89256,89260","89257,89261,89262",30110,8,view,2019-11-05,89256,,0
2019-11-05 15:55:49,3149359,3297475,89256,"89257,89258,89259",20111,9,view,2019-11-05,89256,,0
2019-11-05 15:55:49,3149359,3297475,89256,"89257,89259",20110,10,view,2019-11-05,89256,,0
2019-11-05 15:55:49,3149359,3297475,89256,"89257,89258",20111,11,view,2019-11-05,89256,,0
2019-11-05 15:55:49,3149359,3297475,89256,"89258,89259",20101,12,click,2019-11-05,89256,1.0,1
2019-11-05 16:05:22,3184830,3688232,54391,"54392,54393",20100,1,view,2019-11-05,54391,,0
2019-11-05 16:05:22,3184830,3688232,54391,54393,10100,2,click,2019-11-05,54391,1.0,1
2019-11-05 20:30:46,3266120,3764129,87132,87133,10100,1,click,2019-11-05,87132,1.0,1
2019-11-05 17:13:55,3276375,3303664,54483,54487,10100,1,view,2019-11-05,54483,,0
2019-11-05 17:13:55,3276375,3303664,54483,54485,10100,2,view,2019-11-05,54483,,0
2019-11-05 17:13:55,3276375,3303664,54483,54484,10100,3,view,2019-11-05,54483,,0
2019-11-05 17:13:55,3276375,3303664,54483,"54484,54485,364049,54486,54487",20100,4,view,2019-11-05,54483,,0
2019-11-05 17:13:55,3276375,3303664,54483,54486,10100,5,view,2019-11-05,54483,,0
2019-11-05 17:13:55,3276375,3303664,54483,364049,10100,6,view,2019-11-05,54483,,0
2019-11-05 17:13:55,3276375,3303664,"54483,54488","54487,54489",30100,9,view,2019-11-05,54483,,0
2019-11-05 17:13:55,3276375,3303664,54483,"54485,54487",20100,12,view,2019-11-05,54483,,0
2019-11-05 17:13:55,3276375,3303664,54483,"54486,54487",20100,13,click,2019-11-05,54483,1.0,1
2019-11-05 09:37:36,3285604,3313872,87182,87184,10100,1,click,2019-11-05,87182,1.0,1
2019-11-05 06:57:09,3308669,3759354,58088,58090,10100,1,click,2019-11-05,58088,1.0,1
2019-11-05 08:32:20,3337409,3372170,86812,86815,10100,1,view,2019-11-05,86812,,0
2019-11-05 08:32:20,3337409,3372170,86812,86813,10100,2,view,2019-11-05,86812,,0
2019-11-05 08:32:20,3337409,3372170,86812,86814,10100,3,click,2019-11-05,86812,1.0,1
2019-11-05 15:04:22,3351870,3385221,87872,87873,10100,1,click,2019-11-05,87872,1.0,1
2019-11-05 14:13:04,3352683,3388090,54473,54474,10100,1,view,2019-11-05,54473,,0
2019-11-05 14:13:04,3352683,3388090,54473,54477,10100,2,view,2019-11-05,54473,,0
2019-11-05 14:13:04,3352683,3388090,54473,364048,10100,3,view,2019-11-05,54473,,0
2019-11-05 14:13:04,3352683,3388090,54473,54479,10100,4,click,2019-11-05,54473,1.0,1
2019-11-05 10:12:25,3354294,3389825,87533,87537,10100,1,click,2019-11-05,87533,1.0,1
2019-11-05 13:32:10,3376586,3412575,55397,55400,10100,1,click,2019-11-05,55397,1.0,1
2019-11-05 18:49:39,3397331,3432645,87544,87545,10100,1,view,2019-11-05,87544,,0
2019-11-05 18:49:39,3397331,3432645,87544,"87545,87546",20100,2,click,2019-11-05,87544,1.0,1
2019-11-05 21:31:48,3414800,3447621,88134,88139,10100,1,view,2019-11-05,88134,,0
2019-11-05 21:31:48,3414800,3447621,88134,88136,10100,2,view,2019-11-05,88134,,0
2019-11-05 21:31:48,3414800,3447621,88134,88138,10100,3,view,2019-11-05,88134,,0
2019-11-05 21:31:48,3414800,3447621,88134,88136,10010,4,view,2019-11-05,88134,,0
2019-11-05 21:31:48,3414800,3447621,88134,88138,10010,5,view,2019-11-05,88134,,0
2019-11-05 21:31:48,3414800,3447621,"88127,88134","88132,88136",30010,6,view,2019-11-05,88134,,0
2019-11-05 21:31:48,3414800,3447621,88134,"88136,88138",20110,7,view,2019-11-05,88134,,0
2019-11-05 21:31:48,3414800,3447621,88134,88139,10101,8,view,2019-11-05,88134,,0
2019-11-05 21:31:48,3414800,3447621,88134,"88138,88139",20101,9,click,2019-11-05,88134,1.0,1
2019-11-05 18:11:43,3468054,3743166,54460,54467,10100,1,click,2019-11-05,54460,1.0,1
2019-11-05 14:52:40,3475169,3696143,87018,87019,10100,1,click,2019-11-05,87018,1.0,1
2019-11-05 19:02:40,3480926,3479582,54483,54484,10100,1,view,2019-11-05,54483,1.0,0
2019-11-05 19:02:40,3480926,3479582,54483,54487,10100,2,view,2019-11-05,54483,,0
2019-11-05 19:02:40,3480926,3479582,54483,54485,10100,3,view,2019-11-05,54483,,0
2019-11-05 19:02:40,3480926,3479582,54483,364049,10100,4,view,2019-11-05,54483,,0
2019-11-05 19:02:40,3480926,3479582,54483,54486,10100,5,view,2019-11-05,54483,,0
2019-11-05 19:02:40,3480926,3479582,54483,"54484,54485,364049,54486,54487",20100,6,view,2019-11-05,54483,,0
2019-11-05 19:02:40,3480926,3479582,54483,54484,10110,7,view,2019-11-05,54483,1.0,0
2019-11-05 19:02:40,3480926,3479582,54483,"54484,54485",20110,8,view,2019-11-05,54483,,0
2019-11-05 19:02:40,3480926,3479582,54483,54485,10110,9,view,2019-11-05,54483,,0
2019-11-05 19:02:40,3480926,3479582,"54473,54483","54475,54476,364048,54478,54484,54485,54486",30010,10,view,2019-11-05,54483,,0
2019-11-05 19:02:40,3480926,3479582,54483,"54484,54485,54486",20010,11,click,2019-11-05,54483,1.0,1
2019-11-05 12:32:56,3484695,3703795,87539,"87540,87541,87542,87543",20100,1,click,2019-11-05,-1,1.0,1
2019-11-05 15:04:57,3579274,3542357,86816,86817,10100,1,view,2019-11-05,86816,,0
2019-11-05 15:04:57,3579274,3542357,86816,505081,10100,2,view,2019-11-05,86816,,0
2019-11-05 15:04:57,3579274,3542357,86816,86819,10100,3,view,2019-11-05,86816,,0
2019-11-05 15:04:57,3579274,3542357,86816,86818,10100,4,view,2019-11-05,86816,,0
2019-11-05 15:04:57,3579274,3542357,86816,86820,10100,5,view,2019-11-05,86816,,0
2019-11-05 15:04:57,3579274,3542357,86816,86824,10100,6,view,2019-11-05,86816,,0
2019-11-05 15:04:57,3579274,3542357,86816,"86817,86818",20110,7,view,2019-11-05,86816,,0
2019-11-05 15:04:57,3579274,3542357,86816,"86817,86818,86819",20100,8,view,2019-11-05,86816,,0
2019-11-05 15:04:57,3579274,3542357,86816,"86818,86819",20100,9,view,2019-11-05,86816,,0
2019-11-05 15:04:57,3579274,3542357,86816,"86824,86825,505081",20100,10,view,2019-11-05,86816,,0
2019-11-05 15:04:57,3579274,3542357,86816,86821,10100,11,view,2019-11-05,86816,,0
2019-11-05 15:04:57,3579274,3542357,86816,"86817,86819",20110,12,view,2019-11-05,86816,,0
2019-11-05 15:04:57,3579274,3542357,86816,86823,10100,13,view,2019-11-05,86816,,0
2019-11-05 15:04:57,3579274,3542357,86816,"86823,86824,86825,505081",20100,14,view,2019-11-05,86816,,0
2019-11-05 15:04:57,3579274,3542357,86816,"86817,86818,86819,86820",20100,15,view,2019-11-05,86816,,0
2019-11-05 15:04:57,3579274,3542357,86816,"86825,505081",20100,16,view,2019-11-05,86816,,0
2019-11-05 15:04:57,3579274,3542357,86816,"86819,86820",20100,17,view,2019-11-05,86816,,0
2019-11-05 15:04:57,3579274,3542357,86816,"86824,505081",20100,18,view,2019-11-05,86816,,0
2019-11-05 15:04:57,3579274,3542357,86816,86822,10100,19,view,2019-11-05,86816,,0
2019-11-05 15:04:57,3579274,3542357,86816,"86818,86819,86820",20100,20,view,2019-11-05,86816,,0
2019-11-05 15:04:57,3579274,3542357,86816,86825,10100,21,view,2019-11-05,86816,,0
2019-11-05 15:04:57,3579274,3542357,"86816,86826","505081,86827",30110,22,view,2019-11-05,86816,,0
2019-11-05 15:04:57,3579274,3542357,86816,"86817,86820,86823,86824,86825",20100,23,view,2019-11-05,86816,,0
2019-11-05 15:04:57,3579274,3542357,86816,605651,10100,24,click,2019-11-05,86816,1.0,1
2019-11-05 13:39:33,3582370,3544863,54473,54474,10100,1,view,2019-11-05,54473,,0
2019-11-05 13:39:33,3582370,3544863,54473,54476,10100,2,view,2019-11-05,54473,,0
2019-11-05 13:39:33,3582370,3544863,54473,54475,10100,3,view,2019-11-05,54473,,0
2019-11-05 13:39:33,3582370,3544863,54473,364048,10100,4,view,2019-11-05,54473,,0
2019-11-05 13:39:33,3582370,3544863,54473,"54474,54475,54476,364048,54477,54478,54479",20100,5,view,2019-11-05,54473,,0
2019-11-05 13:39:33,3582370,3544863,54473,"54476,364048",20100,6,view,2019-11-05,54473,,0
2019-11-05 13:39:33,3582370,3544863,54473,"54475,54476,364048",20100,7,view,2019-11-05,54473,,0
2019-11-05 13:39:33,3582370,3544863,54473,"54475,54476",20100,8,view,2019-11-05,54473,,0
2019-11-05 13:39:33,3582370,3544863,54473,54477,10100,9,click,2019-11-05,54473,1.0,1
2019-11-05 17:46:35,3594859,3554514,86806,86810,10100,1,view,2019-11-05,86806,,0
2019-11-05 17:46:35,3594859,3554514,86806,86808,10100,2,click,2019-11-05,86806,1.0,1
2019-11-05 11:15:04,3644996,3718102,86879,86880,10100,1,view,2019-11-05,86879,,0
2019-11-05 11:15:04,3644996,3718102,86879,86883,10100,2,click,2019-11-05,86879,1.0,1
2019-11-05 18:12:31,3646546,3700477,86904,86905,10100,1,click,2019-11-05,86904,1.0,1
2019-11-05 19:57:32,3646546,3700477,86909,505113,10100,1,view,2019-11-05,86909,,0
2019-11-05 19:57:32,3646546,3700477,86909,86910,10100,2,view,2019-11-05,86909,,0
2019-11-05 19:57:32,3646546,3700477,86909,86914,10100,3,view,2019-11-05,86909,,0
2019-11-05 19:57:32,3646546,3700477,86909,86912,10100,4,view,2019-11-05,86909,,0
2019-11-05 19:57:32,3646546,3700477,86909,86913,10100,5,click,2019-11-05,86909,1.0,1
2019-11-05 19:58:06,3646546,3700477,86909,86911,10100,6,view,2019-11-05,86909,,0
2019-11-05 19:58:06,3646546,3700477,86909,"86910,86911,86912,86913,86914,505113",20100,7,view,2019-11-05,86909,,0
2019-11-05 19:58:06,3646546,3700477,86909,"86910,86911,86912,86913,86914",20100,8,view,2019-11-05,86909,,0
2019-11-05 19:58:06,3646546,3700477,86909,"86910,86911",20100,9,view,2019-11-05,86909,,0
2019-11-05 19:58:06,3646546,3700477,86909,"86913,86914",20100,10,click,2019-11-05,86909,,0
2019-11-05 20:36:33,3666752,3743661,54412,54413,10100,1,click,2019-11-05,54412,1.0,1
2019-11-05 19:11:02,3684431,3624392,54460,54465,10100,1,view,2019-11-05,54460,,0
2019-11-05 19:11:02,3684431,3624392,54460,364047,10100,2,click,2019-11-05,54460,1.0,1
2019-11-05 19:59:44,3719258,3685488,54402,54403,10100,1,view,2019-11-05,54402,,0
2019-11-05 19:59:44,3719258,3685488,54402,54406,10100,2,view,2019-11-05,54402,,0
2019-11-05 19:59:44,3719258,3685488,54402,"54403,54404,54405,54406",20100,3,view,2019-11-05,54402,,0
2019-11-05 19:59:44,3719258,3685488,54402,54404,10100,4,click,2019-11-05,54402,1.0,1
2019-11-05 17:13:37,3730277,3706821,86806,86808,10100,1,click,2019-11-05,86806,1.0,1
2019-11-05 16:40:06,3730300,3697023,89256,89258,10100,1,click,2019-11-05,89256,1.0,1
2019-11-05 15:20:25,3733584,3663960,87018,87021,10100,1,view,2019-11-05,87018,,0
2019-11-05 15:20:25,3733584,3663960,87018,87023,10010,2,view,2019-11-05,87018,,0
2019-11-05 15:20:25,3733584,3663960,87018,87022,10100,3,view,2019-11-05,87018,,0
2019-11-05 15:20:25,3733584,3663960,87018,87020,10100,4,view,2019-11-05,87018,,0
2019-11-05 15:20:25,3733584,3663960,87018,"87021,87022",20100,5,view,2019-11-05,87018,,0
2019-11-05 15:20:25,3733584,3663960,87018,"87019,87021",20100,6,view,2019-11-05,87018,,0
2019-11-05 15:20:25,3733584,3663960,87018,"87019,87021,87022",20100,7,view,2019-11-05,87018,,0
2019-11-05 15:20:25,3733584,3663960,87018,"87021,87022,87023",20100,8,view,2019-11-05,87018,,0
2019-11-05 15:20:25,3733584,3663960,87018,"87019,87020,87021,87022,87023",20100,9,view,2019-11-05,87018,,0
2019-11-05 15:20:25,3733584,3663960,87018,"87020,87021,87022,87023",20100,10,view,2019-11-05,87018,,0
2019-11-05 15:20:25,3733584,3663960,87018,"87021,87022,87023,87024",20100,11,view,2019-11-05,87018,,0
2019-11-05 15:20:25,3733584,3663960,87018,"87019,87022",20100,12,view,2019-11-05,87018,,0
2019-11-05 15:20:25,3733584,3663960,87018,"87022,87023",20100,13,view,2019-11-05,87018,,0
2019-11-05 15:20:25,3733584,3663960,87018,"87019,87020,87021,87022",20100,14,view,2019-11-05,87018,,0
2019-11-05 15:20:25,3733584,3663960,87018,"87019,87020,87021,87022,87023,87024",20100,15,view,2019-11-05,87018,,0
2019-11-05 15:20:25,3733584,3663960,87018,"87020,87021,87022",20100,16,view,2019-11-05,87018,,0
2019-11-05 15:20:25,3733584,3663960,87018,"87019,87020,87021,87022,87023,87024,87025",20100,17,view,2019-11-05,87018,,0
2019-11-05 15:20:25,3733584,3663960,87018,"87020,87021",20100,18,view,2019-11-05,87018,,0
2019-11-05 15:20:25,3733584,3663960,87018,"87022,87023,87024",20100,19,view,2019-11-05,87018,,0
2019-11-05 15:20:25,3733584,3663960,87018,"87019,87020,87021",20100,20,view,2019-11-05,87018,,0
2019-11-05 15:20:25,3733584,3663960,87018,"87019,87020,87021,87022,87023,87024,87025,87026",20100,21,view,2019-11-05,87018,,0
2019-11-05 15:20:25,3733584,3663960,87018,"87022,87023,87024,87025",20100,22,view,2019-11-05,87018,,0
2019-11-05 15:20:25,3733584,3663960,87018,"87019,87020,87022",20100,23,view,2019-11-05,87018,,0
2019-11-05 15:20:25,3733584,3663960,87018,"87020,87022",20100,24,view,2019-11-05,87018,,0
2019-11-05 15:20:25,3733584,3663960,87018,"87022,87023,87024,87025,87026",20100,25,view,2019-11-05,87018,,0
2019-11-05 15:20:25,3733584,3663960,87018,87024,10100,26,click,2019-11-05,87018,1.0,1
2019-11-05 16:45:42,3752356,2538071,87125,87127,10100,1,view,2019-11-05,87125,,0
2019-11-05 16:45:42,3752356,2538071,87125,87126,10100,2,click,2019-11-05,87125,1.0,1
2019-11-05 16:44:27,3752356,3682377,86806,86810,10100,1,click,2019-11-05,86806,1.0,1
2019-11-05 09:34:14,3754290,3686654,87110,87118,10100,1,view,2019-11-05,87110,,0
2019-11-05 09:34:14,3754290,3686654,87110,87117,10100,2,view,2019-11-05,87110,,0
2019-11-05 09:34:14,3754290,3686654,"87110,87119","87114,87115,87118,87120,87122,87124",30100,3,click,2019-11-05,87110,1.0,1
2019-11-05 19:25:33,3754387,3748876,58088,364077,10100,1,view,2019-11-05,58088,,0
2019-11-05 19:25:33,3754387,3748876,58088,58090,10100,2,click,2019-11-05,58088,1.0,1
2019-11-05 10:06:20,3754784,2558213,86909,505113,10100,1,view,2019-11-05,-1,,0
2019-11-05 10:06:20,3754784,2558213,86909,86910,10100,2,view,2019-11-05,-1,,0
2019-11-05 10:06:20,3754784,2558213,86909,86914,10100,3,view,2019-11-05,-1,,0
2019-11-05 10:06:20,3754784,2558213,86909,86912,10100,4,click,2019-11-05,-1,1.0,1
2019-11-05 17:29:25,3754793,3687924,58150,58153,10100,1,click,2019-11-05,58150,1.0,1
2019-11-05 15:49:49,3755301,3689100,55323,55330,10100,1,click,2019-11-05,55323,1.0,1
2019-11-05 12:03:08,3757950,3693501,56219,"56220,56221,364117",20100,1,click,2019-11-05,56219,1.0,1
2019-11-05 12:05:49,3757950,3693501,56219,56220,10100,2,click,2019-11-05,56219,1.0,1
2019-11-05 20:49:08,3758132,3038249,54460,54465,10100,1,click,2019-11-05,54460,1.0,1
2019-11-05 14:31:55,3758207,3693977,87711,87714,10100,1,view,2019-11-05,87711,,0
2019-11-05 14:31:55,3758207,3693977,87711,"87712,87713,87714,87715,87716",20100,2,view,2019-11-05,87711,,0
2019-11-05 14:31:55,3758207,3693977,87711,87715,10100,3,view,2019-11-05,87711,,0
2019-11-05 14:31:55,3758207,3693977,87711,"87714,87715",20100,4,view,2019-11-05,87711,,0
2019-11-05 14:31:55,3758207,3693977,87711,"87714,87716",20100,5,view,2019-11-05,87711,,0
2019-11-05 14:31:55,3758207,3693977,"87711,87717","87714,87723",30100,6,view,2019-11-05,87711,,0
2019-11-05 14:31:55,3758207,3693977,"87693,87711","87696,87697,87698,87699,87714,87716",30100,7,view,2019-11-05,87711,,0
2019-11-05 14:31:55,3758207,3693977,87711,87713,10100,8,view,2019-11-05,87711,,0
2019-11-05 14:31:55,3758207,3693977,87711,87712,10100,9,view,2019-11-05,87711,,0
2019-11-05 14:31:55,3758207,3693977,87711,"87712,87714,87715",20100,10,view,2019-11-05,87711,,0
2019-11-05 14:31:55,3758207,3693977,87711,"87712,87714,87716",20100,11,view,2019-11-05,87711,,0
2019-11-05 14:31:55,3758207,3693977,87711,"87712,87714",20100,12,view,2019-11-05,87711,,0
2019-11-05 14:31:55,3758207,3693977,87711,"87712,87713,87714,87715",20100,13,view,2019-11-05,87711,,0
2019-11-05 14:31:55,3758207,3693977,87711,"87714,87715,87716",20100,14,view,2019-11-05,87711,,0
2019-11-05 14:31:55,3758207,3693977,87711,87716,10100,15,click,2019-11-05,87711,1.0,1
2019-11-05 16:23:27,3759393,3695456,55756,55764,10100,1,view,2019-11-05,55756,,0
2019-11-05 16:23:27,3759393,3695456,55756,55761,10100,2,view,2019-11-05,55756,,0
2019-11-05 16:23:27,3759393,3695456,55756,55762,10100,3,click,2019-11-05,55756,1.0,1
2019-11-05 10:43:42,3760833,3697147,87863,87869,10100,1,click,2019-11-05,87863,1.0,1
2019-11-05 16:52:04,3762320,3260634,86799,424715,10100,1,view,2019-11-05,86799,,0
2019-11-05 16:52:04,3762320,3260634,86799,86800,10100,2,view,2019-11-05,86799,,0
2019-11-05 16:52:04,3762320,3260634,86799,"86800,86801,86802,86803,86804,86805,424715",20100,3,view,2019-11-05,86799,,0
2019-11-05 16:52:04,3762320,3260634,86799,86804,10100,4,view,2019-11-05,86799,,0
2019-11-05 16:52:04,3762320,3260634,86799,86802,10100,5,click,2019-11-05,86799,1.0,1
2019-11-05 17:00:34,3762828,3700037,87004,87010,10100,1,click,2019-11-05,87004,1.0,1
2019-11-05 20:22:34,3763031,3700139,54473,54474,10100,1,view,2019-11-05,54473,,0
2019-11-05 20:22:34,3763031,3700139,54473,54477,10100,2,click,2019-11-05,54473,1.0,1
2019-11-05 20:00:15,3763971,3757693,54380,54381,10100,1,view,2019-11-05,54380,,0
2019-11-05 20:00:15,3763971,3757693,54380,"54381,54382",20100,2,click,2019-11-05,54380,1.0,1
2019-11-05 11:16:54,3766450,3704804,54380,54381,10100,1,view,2019-11-05,54380,,0
2019-11-05 11:16:54,3766450,3704804,54380,"54381,54382",20100,2,click,2019-11-05,54380,1.0,1
2019-11-05 16:57:43,3766475,3704846,54473,54477,10100,1,click,2019-11-05,54473,1.0,1
2019-11-05 16:31:41,3768422,3707495,54383,54386,10100,1,view,2019-11-05,54383,,0
2019-11-05 16:31:41,3768422,3707495,54383,54387,10100,2,click,2019-11-05,54383,1.0,1
2019-11-05 05:13:16,3768473,3707543,54380,54382,10100,1,click,2019-11-05,54380,1.0,1
2019-11-05 18:23:56,3770605,1432949,86799,424715,10100,1,view,2019-11-05,86799,,0
2019-11-05 18:23:56,3770605,1432949,86799,86805,10100,2,view,2019-11-05,86799,,0
2019-11-05 18:23:56,3770605,1432949,86799,"86800,86801,86802,86803,86804,86805,424715",20100,3,view,2019-11-05,86799,,0
2019-11-05 18:23:56,3770605,1432949,86799,86800,10100,4,view,2019-11-05,86799,,0
2019-11-05 18:23:56,3770605,1432949,86799,86804,10100,5,view,2019-11-05,86799,,0
2019-11-05 18:23:56,3770605,1432949,86799,86802,10100,6,view,2019-11-05,86799,,0
2019-11-05 18:23:56,3770605,1432949,86799,86803,10100,7,view,2019-11-05,86799,,0
2019-11-05 18:23:56,3770605,1432949,86799,"86800,86801,86802,86803,86804,86805",20100,8,click,2019-11-05,86799,1.0,1
2019-11-05 19:32:32,3770951,3711044,54892,54899,10100,1,view,2019-11-05,54892,,0
2019-11-05 19:32:32,3770951,3711044,54892,54900,10100,2,view,2019-11-05,54892,,0
2019-11-05 19:32:32,3770951,3711044,54892,516615,10100,3,view,2019-11-05,54892,,0
2019-11-05 19:32:32,3770951,3711044,54892,54901,10100,4,view,2019-11-05,54892,,0
2019-11-05 19:32:32,3770951,3711044,54892,"54900,54901",20100,5,click,2019-11-05,54892,1.0,1
2019-11-05 18:43:24,3771163,1652428,86889,505110,10100,1,view,2019-11-05,86889,,0
2019-11-05 18:43:24,3771163,1652428,86889,86899,10100,2,view,2019-11-05,86889,,0
2019-11-05 18:43:24,3771163,1652428,86889,86898,10100,3,view,2019-11-05,86889,,0
2019-11-05 18:43:24,3771163,1652428,86889,86896,10100,4,view,2019-11-05,86889,,0
2019-11-05 18:43:24,3771163,1652428,86889,"86890,86891,86892,86893,86894,86895,86896,86897,86898,86899,86900,505110",20100,5,view,2019-11-05,86889,,0
2019-11-05 18:43:24,3771163,1652428,86889,86892,10100,6,view,2019-11-05,86889,,0
2019-11-05 18:43:24,3771163,1652428,86889,86900,10100,7,view,2019-11-05,86889,,0
2019-11-05 18:43:24,3771163,1652428,86889,86891,10100,8,view,2019-11-05,86889,,0
2019-11-05 18:43:24,3771163,1652428,86889,86890,10100,9,view,2019-11-05,86889,,0
2019-11-05 18:43:24,3771163,1652428,86889,86895,10100,10,click,2019-11-05,86889,1.0,1
2019-11-05 17:01:26,3772704,3713280,54402,54403,10100,1,view,2019-11-05,54402,,0
2019-11-05 17:01:26,3772704,3713280,54402,54406,10100,2,view,2019-11-05,54402,,0
2019-11-05 17:01:26,3772704,3713280,54402,54404,10100,3,view,2019-11-05,54402,,0
2019-11-05 17:01:26,3772704,3713280,54402,"54403,54404,54405,54406",20100,4,click,2019-11-05,54402,1.0,1
2019-11-05 18:24:24,3772769,3713403,54480,54482,10100,1,view,2019-11-05,54480,,0
2019-11-05 18:24:24,3772769,3713403,54480,54481,10100,2,view,2019-11-05,54480,1.0,0
2019-11-05 18:24:24,3772769,3713403,54480,"54481,54482",20100,3,view,2019-11-05,54480,,0
2019-11-05 18:24:24,3772769,3713403,"54480,54483","54482,54484",30110,4,view,2019-11-05,54480,,0
2019-11-05 18:24:24,3772769,3713403,"54473,54480","54479,54482",30111,5,view,2019-11-05,54480,,0
2019-11-05 18:24:24,3772769,3713403,"54468,54473,54480","54469,54470,54471,54472,54474,364048,54477,54482",40100,6,view,2019-11-05,54480,,0
2019-11-05 18:24:24,3772769,3713403,54480,54482,10110,7,view,2019-11-05,54480,,0
2019-11-05 18:24:24,3772769,3713403,"54480,54483","54482,54484",30100,8,view,2019-11-05,54480,,0
2019-11-05 18:24:24,3772769,3713403,54480,"54481,54482",20110,9,view,2019-11-05,54480,,0
2019-11-05 18:24:24,3772769,3713403,54480,54481,10110,10,click,2019-11-05,54480,1.0,1
2019-11-05 18:44:56,3773255,3714034,54456,"54457,54458,54459,505298",20100,1,click,2019-11-05,54456,1.0,1
2019-11-05 18:43:51,3773255,3714045,86901,505111,10100,1,click,2019-11-05,86901,1.0,1
2019-11-05 06:19:57,3774392,1376311,87018,87024,10100,1,click,2019-11-05,87018,1.0,1
2019-11-05 16:07:26,3775243,3716630,54394,508275,10100,1,view,2019-11-05,54394,,0
2019-11-05 16:07:26,3775243,3716630,54394,54401,10100,2,click,2019-11-05,54394,1.0,1
2019-11-05 09:19:10,3775485,3717031,86909,505113,10100,1,view,2019-11-05,86909,,0
2019-11-05 09:19:10,3775485,3717031,86909,86910,10100,2,view,2019-11-05,86909,,0
2019-11-05 09:19:10,3775485,3717031,86909,86911,10100,3,view,2019-11-05,86909,,0
2019-11-05 09:19:10,3775485,3717031,86909,86912,10100,4,view,2019-11-05,86909,,0
2019-11-05 09:19:10,3775485,3717031,86909,"86910,86911,86912,86913,86914,505113",20100,5,view,2019-11-05,86909,,0
2019-11-05 09:19:10,3775485,3717031,86909,"86910,86911",20100,6,click,2019-11-05,86909,1.0,1
2019-11-05 16:23:10,3777333,3719505,55323,55330,10100,1,view,2019-11-05,55323,,0
2019-11-05 16:23:10,3777333,3719505,55323,55332,10100,2,view,2019-11-05,55323,,0
2019-11-05 16:23:10,3777333,3719505,55323,55329,10100,3,view,2019-11-05,55323,,0
2019-11-05 16:23:10,3777333,3719505,55323,55324,10100,4,view,2019-11-05,55323,,0
2019-11-05 16:23:10,3777333,3719505,55323,55327,10100,5,view,2019-11-05,55323,,0
2019-11-05 16:23:10,3777333,3719505,55323,55331,10100,6,click,2019-11-05,55323,1.0,1
2019-11-05 20:17:50,3780167,3746176,87013,505101,10100,1,click,2019-11-05,87013,1.0,1
2019-11-05 16:31:26,3780988,3724343,89506,89509,10100,1,click,2019-11-05,89506,1.0,1
2019-11-05 14:42:05,3783319,3727735,86816,86817,10100,1,click,2019-11-05,86816,1.0,1
2019-11-05 14:42:54,3783319,3727735,86816,505081,10100,2,view,2019-11-05,86816,,0
2019-11-05 14:42:54,3783319,3727735,86816,86820,10100,3,view,2019-11-05,86816,,0
2019-11-05 14:42:54,3783319,3727735,86816,86824,10100,4,view,2019-11-05,86816,,0
2019-11-05 14:42:54,3783319,3727735,86816,86818,10100,5,view,2019-11-05,86816,,0
2019-11-05 14:42:54,3783319,3727735,86816,86819,10100,6,view,2019-11-05,86816,,0
2019-11-05 14:42:54,3783319,3727735,86816,86823,10100,7,view,2019-11-05,86816,,0
2019-11-05 14:42:54,3783319,3727735,86816,86821,10100,8,view,2019-11-05,86816,,0
2019-11-05 14:42:54,3783319,3727735,86816,86825,10100,9,view,2019-11-05,86816,,0
2019-11-05 14:42:54,3783319,3727735,86816,86822,10100,10,view,2019-11-05,86816,,0
2019-11-05 14:42:54,3783319,3727735,86816,605651,10100,11,view,2019-11-05,86816,,0
2019-11-05 14:42:54,3783319,3727735,86816,86817,10110,12,click,2019-11-05,86816,1.0,1
2019-11-05 14:50:27,3783440,3727905,58088,364077,10100,1,view,2019-11-05,58088,,0
2019-11-05 14:50:27,3783440,3727905,58088,58093,10100,2,view,2019-11-05,58088,,0
2019-11-05 14:50:27,3783440,3727905,58088,58090,10100,3,click,2019-11-05,58088,1.0,1
2019-11-05 20:50:28,3783587,3728187,54394,364035,10100,1,click,2019-11-05,54394,1.0,1
2019-11-05 16:47:41,3785185,1271682,86909,505113,10100,1,view,2019-11-05,86909,,0
2019-11-05 16:47:41,3785185,1271682,86909,86914,10100,2,view,2019-11-05,86909,,0
2019-11-05 16:47:41,3785185,1271682,86909,"86910,86911,86912,86913,86914,505113",20100,3,view,2019-11-05,86909,,0
2019-11-05 16:47:41,3785185,1271682,86909,86910,10100,4,view,2019-11-05,86909,,0
2019-11-05 16:47:41,3785185,1271682,86909,86912,10100,5,click,2019-11-05,86909,1.0,1
2019-11-05 14:53:38,3785374,3730675,54394,508275,10100,1,view,2019-11-05,54394,,0
2019-11-05 14:53:38,3785374,3730675,54394,54401,10100,2,view,2019-11-05,54394,,0
2019-11-05 14:53:38,3785374,3730675,54394,54399,10100,3,view,2019-11-05,54394,,0
2019-11-05 14:53:38,3785374,3730675,54394,54398,10100,4,view,2019-11-05,54394,,0
2019-11-05 14:53:38,3785374,3730675,54394,"54395,364044,364034,364035,54396,364045,508275,54397,54398,54399,54401",20100,5,view,2019-11-05,54394,,0
2019-11-05 14:53:38,3785374,3730675,54394,54397,10100,6,view,2019-11-05,54394,,0
2019-11-05 14:53:38,3785374,3730675,54394,364045,10100,7,view,2019-11-05,54394,,0
2019-11-05 14:53:38,3785374,3730675,54394,"54399,54401",20100,8,view,2019-11-05,54394,,0
2019-11-05 14:53:38,3785374,3730675,54394,364035,10100,9,view,2019-11-05,54394,,0
2019-11-05 14:53:38,3785374,3730675,54394,54396,10100,10,view,2019-11-05,54394,,0
2019-11-05 14:53:38,3785374,3730675,54394,"364034,364035",20100,11,view,2019-11-05,54394,,0
2019-11-05 14:53:38,3785374,3730675,54394,364034,10100,12,view,2019-11-05,54394,,0
2019-11-05 14:53:38,3785374,3730675,54394,"54397,54398",20100,13,view,2019-11-05,54394,,0
2019-11-05 14:53:38,3785374,3730675,54394,"54398,54399,54401",20100,14,view,2019-11-05,54394,,0
2019-11-05 14:53:38,3785374,3730675,54394,"54398,54399",20100,15,view,2019-11-05,54394,,0
2019-11-05 14:53:38,3785374,3730675,54394,"508275,54401",20100,16,view,2019-11-05,54394,,0
2019-11-05 14:53:38,3785374,3730675,54394,"508275,54399,54401",20100,17,view,2019-11-05,54394,,0
2019-11-05 14:53:38,3785374,3730675,54394,"54398,54401",20100,18,view,2019-11-05,54394,,0
2019-11-05 14:53:38,3785374,3730675,54394,"54397,54401",20100,19,view,2019-11-05,54394,,0
2019-11-05 14:53:38,3785374,3730675,54394,"508275,54398,54399,54401",20100,20,view,2019-11-05,54394,,0
2019-11-05 14:53:38,3785374,3730675,54394,"54397,54398,54399,54401",20100,21,view,2019-11-05,54394,,0
2019-11-05 14:53:38,3785374,3730675,54394,"508275,54397,54398,54399,54401",20100,22,view,2019-11-05,54394,,0
2019-11-05 14:53:38,3785374,3730675,54394,"364035,508275,54399,54401",20100,23,view,2019-11-05,54394,,0
2019-11-05 14:53:38,3785374,3730675,54394,"364034,364035,508275,54399,54401",20100,24,view,2019-11-05,54394,,0
2019-11-05 14:53:38,3785374,3730675,54394,"54396,364045,508275,54397,54401",20100,25,view,2019-11-05,54394,,0
2019-11-05 14:53:38,3785374,3730675,54394,"364034,508275,54397,54398,54401",20100,26,view,2019-11-05,54394,,0
2019-11-05 14:53:38,3785374,3730675,54394,"54395,54396,54397,54399,54401",20100,27,view,2019-11-05,54394,,0
2019-11-05 14:53:38,3785374,3730675,54394,"54395,54396,364045,54397,54398,54399,54401",20100,28,view,2019-11-05,54394,,0
2019-11-05 14:53:38,3785374,3730675,"54394,54402","54401,54403",30100,29,click,2019-11-05,54394,1.0,1
2019-11-05 06:07:49,3789289,3736122,89818,89822,10100,1,view,2019-11-05,89818,,0
2019-11-05 06:07:49,3789289,3736122,89818,89827,10100,2,click,2019-11-05,89818,1.0,1
2019-11-05 17:21:39,3793424,3741696,54394,54399,10100,1,view,2019-11-05,54394,,0
2019-11-05 17:21:39,3793424,3741696,54394,54398,10100,2,view,2019-11-05,54394,,0
2019-11-05 17:21:39,3793424,3741696,54394,508275,10100,3,click,2019-11-05,54394,1.0,1
2019-11-05 18:44:42,3793510,3741843,86806,424716,10100,1,view,2019-11-05,86806,,0
2019-11-05 18:44:42,3793510,3741843,86806,86808,10100,2,view,2019-11-05,86806,,0
2019-11-05 18:44:42,3793510,3741843,86806,86811,10100,3,view,2019-11-05,86806,,0
2019-11-05 18:44:42,3793510,3741843,86806,86807,10100,4,view,2019-11-05,86806,,0
2019-11-05 18:44:42,3793510,3741843,86806,"86807,86808",20100,5,view,2019-11-05,86806,,0
2019-11-05 18:44:42,3793510,3741843,86806,86810,10100,6,view,2019-11-05,86806,,0
2019-11-05 18:44:42,3793510,3741843,86806,"86808,86810",20100,7,click,2019-11-05,86806,1.0,1
2019-11-05 19:25:31,3793510,3741843,86806,86809,10100,6,view,2019-11-05,86806,,0
2019-11-05 19:02:24,3793934,3742313,86915,86916,10100,1,click,2019-11-05,86915,1.0,1
2019-11-05 15:36:03,3795489,3744187,87790,"87791,87792,87793,87794",20100,1,view,2019-11-05,87790,,0
2019-11-05 15:36:03,3795489,3744187,87790,87794,10100,2,view,2019-11-05,87790,,0
2019-11-05 15:36:03,3795489,3744187,87790,87791,10100,3,view,2019-11-05,87790,,0
2019-11-05 15:36:03,3795489,3744187,"87782,87790","87785,87794",30100,4,view,2019-11-05,87790,,0
2019-11-05 15:36:03,3795489,3744187,"87790,87795","87794,87796",30100,5,view,2019-11-05,87790,,0
2019-11-05 15:36:03,3795489,3744187,"87776,87790","87781,87794",30100,6,view,2019-11-05,87790,,0
2019-11-05 15:36:03,3795489,3744187,87790,87793,10100,7,view,2019-11-05,87790,,0
2019-11-05 15:36:03,3795489,3744187,87790,87792,10100,8,click,2019-11-05,87790,1.0,1
2019-11-05 13:55:54,3795959,3744919,86799,424715,10100,1,view,2019-11-05,86799,,0
2019-11-05 13:55:54,3795959,3744919,86799,86800,10100,2,click,2019-11-05,86799,1.0,1
2019-11-05 17:35:46,3796539,3745687,86909,505113,10100,1,click,2019-11-05,86909,1.0,1
2019-11-05 12:25:45,3797458,3746800,86934,86935,10100,1,click,2019-11-05,86934,1.0,1
2019-11-05 18:12:08,3797560,3746924,55323,55332,10110,1,view,2019-11-05,55323,,0
2019-11-05 18:12:08,3797560,3746924,55323,55331,10110,2,view,2019-11-05,55323,,0
2019-11-05 18:12:08,3797560,3746924,55323,55329,10110,3,click,2019-11-05,55323,1.0,1
2019-11-05 09:06:22,3798127,3747756,86806,86808,10100,1,view,2019-11-05,86806,,0
2019-11-05 09:06:22,3798127,3747756,86806,86811,10100,2,view,2019-11-05,86806,,0
2019-11-05 09:06:22,3798127,3747756,86806,424716,10100,3,view,2019-11-05,86806,,0
2019-11-05 09:06:22,3798127,3747756,86806,"86807,86808,424716",20100,4,view,2019-11-05,86806,,0
2019-11-05 09:06:22,3798127,3747756,86806,86810,10100,5,view,2019-11-05,86806,,0
2019-11-05 09:06:22,3798127,3747756,86806,"86807,86808,86811",20100,6,view,2019-11-05,86806,,0
2019-11-05 09:06:22,3798127,3747756,86806,"86807,86808",20100,7,view,2019-11-05,86806,,0
2019-11-05 09:06:22,3798127,3747756,86806,"86808,86810",20100,8,click,2019-11-05,86806,1.0,1
2019-11-05 12:24:59,3798460,3748025,87119,"87120,87122,87124",20100,1,click,2019-11-05,87119,1.0,1
2019-11-05 20:39:36,3798474,3748044,87119,"87120,87122,87124",20100,1,view,2019-11-05,87119,,0
2019-11-05 20:39:36,3798474,3748044,87119,87120,10100,2,view,2019-11-05,87119,,0
2019-11-05 20:39:36,3798474,3748044,87119,87124,10100,3,view,2019-11-05,87119,,0
2019-11-05 20:39:36,3798474,3748044,87119,87122,10100,4,click,2019-11-05,87119,1.0,1
2019-11-05 14:40:52,3798951,3748601,58448,"58449,58450,58451",20100,1,click,2019-11-05,58448,1.0,1
2019-11-05 19:20:32,3799255,3748933,54394,54398,10100,1,click,2019-11-05,-1,1.0,1
2019-11-05 19:59:30,3799671,2168596,87620,87621,10100,1,click,2019-11-05,87620,1.0,1
2019-11-05 17:10:22,3800433,3746433,58099,58100,10100,1,click,2019-11-05,58099,1.0,1
2019-11-05 13:41:24,3801044,3751185,89835,89843,10100,1,view,2019-11-05,89835,,0
2019-11-05 13:41:24,3801044,3751185,89835,89836,10100,2,click,2019-11-05,89835,1.0,1
2019-11-05 10:05:07,3801185,3751468,86806,424716,10100,1,view,2019-11-05,86806,,0
2019-11-05 10:05:07,3801185,3751468,86806,86810,10100,2,click,2019-11-05,86806,1.0,1
2019-11-05 12:19:05,3801873,3752320,86909,505113,10100,1,click,2019-11-05,86909,1.0,1
2019-11-05 06:49:55,3804394,3755718,58082,364069,10100,1,view,2019-11-05,58082,,0
2019-11-05 06:49:55,3804394,3755718,58082,364072,10010,2,view,2019-11-05,58082,,0
2019-11-05 06:49:55,3804394,3755718,58082,364074,10100,3,click,2019-11-05,58082,1.0,1
2019-11-05 21:05:09,3804547,3755467,58082,364069,10100,1,view,2019-11-05,58082,,0
2019-11-05 21:05:09,3804547,3755467,58082,364072,10010,2,click,2019-11-05,58082,1.0,1
2019-11-05 19:32:09,3804877,3756068,86991,86998,10100,1,click,2019-11-05,86991,1.0,1
2019-11-05 13:31:04,3805609,3763710,54460,54465,10100,1,click,2019-11-05,54460,1.0,1
2019-11-05 15:57:30,3805819,3757204,86915,86916,10100,1,view,2019-11-05,86915,,0
2019-11-05 15:57:30,3805819,3757204,86915,86917,10100,2,view,2019-11-05,86915,,0
2019-11-05 15:57:30,3805819,3757204,86915,86918,10100,3,view,2019-11-05,86915,,0
2019-11-05 15:57:30,3805819,3757204,86915,"86916,86917,86918,86919,86920,86921,505114",20100,4,view,2019-11-05,86915,,0
2019-11-05 15:57:30,3805819,3757204,86915,"86916,86917",20100,5,view,2019-11-05,86915,,0
2019-11-05 15:57:30,3805819,3757204,86915,505114,10100,6,view,2019-11-05,86915,,0
2019-11-05 15:57:30,3805819,3757204,86915,86920,10100,7,view,2019-11-05,86915,,0
2019-11-05 15:57:30,3805819,3757204,86915,"86916,86917,86918",20100,8,view,2019-11-05,86915,,0
2019-11-05 15:57:30,3805819,3757204,86915,"86917,86918",20100,9,click,2019-11-05,86915,1.0,1
2019-11-05 20:47:14,3805855,3757246,86816,86817,10100,1,click,2019-11-05,86816,1.0,1
2019-11-05 16:54:38,3806545,3758015,86909,505113,10100,1,view,2019-11-05,86909,,0
2019-11-05 16:54:38,3806545,3758015,86909,86910,10100,2,view,2019-11-05,86909,,0
2019-11-05 16:54:38,3806545,3758015,86909,86914,10100,3,view,2019-11-05,86909,,0
2019-11-05 16:54:38,3806545,3758015,86909,86912,10100,4,click,2019-11-05,86909,1.0,1
2019-11-05 14:05:40,3806701,3758275,87018,87026,10100,1,view,2019-11-05,87018,,0
2019-11-05 14:05:40,3806701,3758275,87018,87019,10100,2,view,2019-11-05,87018,,0
2019-11-05 14:05:40,3806701,3758275,87018,87021,10100,3,view,2019-11-05,87018,,0
2019-11-05 14:05:40,3806701,3758275,87018,"87026,87027",20100,4,view,2019-11-05,87018,,0
2019-11-05 14:05:40,3806701,3758275,87018,"87025,87026",20100,5,click,2019-11-05,87018,1.0,1
2019-11-05 21:09:05,3808343,3760333,54460,54465,10100,1,click,2019-11-05,54460,1.0,1
2019-11-05 06:46:02,3809989,3762783,54460,54465,10100,1,click,2019-11-05,54460,1.0,1
2019-11-05 13:58:56,3810467,3763350,54460,54465,10100,1,click,2019-11-05,54460,1.0,1
2019-11-05 20:26:22,3810642,3763576,87132,87133,10100,1,click,2019-11-05,87132,1.0,1
2019-11-05 19:11:43,3810939,3764010,86934,86935,10100,1,click,2019-11-05,86934,1.0,1
2019-11-05 21:30:42,3810980,3764077,87018,87019,10100,1,click,2019-11-05,87018,1.0,1
2019-11-05 20:01:09,3811014,3764102,54402,54403,10100,1,click,2019-11-05,54402,1.0,1
2019-11-05 21:19:49,3811093,3764170,86934,86935,10100,1,click,2019-11-05,86934,1.0,1
