sum 60,,,,,,,,,,,
,,,,,,,,,,,
2019/9/3,216,41,94,122,139,150,,0.189814815,0.435185185,0.564814815,0.643518519
2019/9/4,280,86,108,116,134,143,,0.307142857,0.385714286,0.414285714,0.478571429
2019/9/5,292,69,128,154,189,199,,0.23630137,0.438356164,0.52739726,0.647260274
2019/9/6,362,92,157,192,253,262,,0.254143646,0.433701657,0.53038674,0.698895028
2019/9/7,253,65,114,157,202,210,,0.256916996,0.450592885,0.62055336,0.798418972
2019/9/8,187,50,108,138,165,167,,0.267379679,0.577540107,0.737967914,0.882352941
2019/9/9,311,64,145,194,238,247,,0.205787781,0.466237942,0.623794212,0.765273312
2019/9/10,274,42,97,132,180,191,,0.153284672,0.354014599,0.481751825,0.656934307
2019/9/11,305,42,85,124,156,165,,0.137704918,0.278688525,0.406557377,0.51147541
2019/9/12,397,66,171,236,286,311,,0.166246851,0.430730479,0.594458438,0.720403023
2019/9/13,197,25,56,78,88,98,,0.126903553,0.284263959,0.395939086,0.446700508
2019/9/14,206,24,65,95,133,140,,0.116504854,0.315533981,0.461165049,0.645631068
2019/9/15,191,30,78,119,146,157,,0.157068063,0.408376963,0.623036649,0.764397906
2019/9/16,300,68,156,202,265,273,,0.226666667,0.52,0.673333333,0.883333333
2019/9/17,307,67,171,212,256,270,,0.218241042,0.557003257,0.690553746,0.833876221
2019/9/18,338,60,179,226,276,298,,0.177514793,0.529585799,0.668639053,0.816568047
2019/9/19,365,85,198,237,296,308,,0.232876712,0.542465753,0.649315068,0.810958904
2019/9/20,392,96,215,267,333,345,,0.244897959,0.548469388,0.681122449,0.849489796
2019/9/21,228,57,111,148,192,205,,0.25,0.486842105,0.649122807,0.842105263
2019/9/22,204,36,66,89,107,112,,0.176470588,0.323529412,0.43627451,0.524509804
2019/9/23,313,80,153,185,247,264,,0.255591054,0.488817891,0.591054313,0.78913738
2019/9/24,318,57,131,180,259,272,,0.179245283,0.411949686,0.566037736,0.814465409
2019/9/25,310,55,129,163,246,267,,0.177419355,0.416129032,0.525806452,0.793548387
2019/9/26,331,67,137,182,259,280,,0.202416918,0.413897281,0.549848943,0.782477341
2019/9/27,391,85,155,202,306,332,,0.217391304,0.396419437,0.516624041,0.782608696
2019/9/28,216,49,67,90,133,147,,0.226851852,0.310185185,0.416666667,0.615740741
2019/9/29,325,69,131,174,220,233,,0.212307692,0.403076923,0.535384615,0.676923077
2019/9/30,433,92,183,229,320,355,,0.212471132,0.422632794,0.52886836,0.739030023
2019/10/1,254,58,106,142,204,223,,0.228346457,0.417322835,0.559055118,0.803149606
2019/10/2,247,47,109,146,202,225,,0.190283401,0.441295547,0.591093117,0.817813765
2019/10/3,235,34,93,126,168,187,,0.144680851,0.395744681,0.536170213,0.714893617
2019/10/4,288,61,130,169,225,245,,0.211805556,0.451388889,0.586805556,0.78125
2019/10/5,226,23,49,67,87,96,,0.101769912,0.216814159,0.296460177,0.384955752
2019/10/6,235,42,86,119,173,188,,0.178723404,0.365957447,0.506382979,0.736170213
2019/10/7,218,40,90,122,168,183,,0.183486239,0.412844037,0.559633028,0.770642202
2019/10/8,304,38,125,164,237,253,,0.125,0.411184211,0.539473684,0.779605263
2019/10/9,317,45,129,159,252,276,,0.141955836,0.406940063,0.501577287,0.794952681
2019/10/10,327,56,128,163,228,238,,0.171253823,0.391437309,0.498470948,0.697247706
2019/10/11,344,64,140,177,242,255,,0.186046512,0.406976744,0.514534884,0.703488372
2019/10/12,363,38,109,138,193,202,,0.104683196,0.300275482,0.380165289,0.531680441
2019/10/13,224,48,109,141,185,195,,0.214285714,0.486607143,0.629464286,0.825892857
2019/10/14,321,46,98,118,156,163,,0.143302181,0.30529595,0.367601246,0.485981308
2019/10/15,338,47,109,147,184,188,,0.139053254,0.322485207,0.434911243,0.544378698
2019/10/16,343,58,124,149,179,192,,0.16909621,0.361516035,0.434402332,0.521865889
2019/10/17,333,64,127,174,212,224,,0.192192192,0.381381381,0.522522523,0.636636637
2019/10/18,392,94,178,227,281,301,,0.239795918,0.454081633,0.579081633,0.716836735
2019/10/19,247,57,104,142,160,165,,0.230769231,0.421052632,0.574898785,0.647773279
2019/10/20,188,24,43,58,62,65,,0.127659574,0.228723404,0.308510638,0.329787234
2019/10/21,318,40,66,85,105,108,,0.125786164,0.20754717,0.267295597,0.330188679
2019/10/22,313,57,91,111,129,140,,0.182108626,0.290734824,0.354632588,0.412140575
2019/10/23,332,30,56,70,78,85,,0.090361446,0.168674699,0.210843373,0.234939759
2019/10/24,358,56,110,134,152,161,,0.156424581,0.30726257,0.374301676,0.424581006
2019/10/25,360,42,71,87,105,117,,0.116666667,0.197222222,0.241666667,0.291666667
2019/10/26,213,34,65,91,114,122,,0.159624413,0.305164319,0.427230047,0.535211268
2019/10/29,270,72,130,164,205,221,,0.266666667,0.481481481,0.607407407,0.759259259
2019/10/30,237,75,131,159,193,204,,0.316455696,0.552742616,0.670886076,0.814345992
2019/10/31,307,91,134,165,215,238,,0.296416938,0.436482085,0.537459283,0.700325733
2019/11/1,337,58,120,155,195,215,,0.172106825,0.356083086,0.459940653,0.578635015
2019/11/2,190,34,74,93,114,122,,0.178947368,0.389473684,0.489473684,0.6
2019/11/3,130,24,52,58,74,79,,0.184615385,0.4,0.446153846,0.569230769
2019/11/4,252,48,86,122,144,156,,0.19047619,0.341269841,0.484126984,0.571428571
2019/11/5,231,55,107,145,178,203,,0.238095238,0.463203463,0.627705628,0.770562771
2019/11/6,233,69,116,150,188,205,,0.296137339,0.497854077,0.643776824,0.806866953
2019/11/7,265,46,69,89,120,139,,0.173584906,0.260377358,0.335849057,0.452830189
2019/11/8,309,50,104,138,162,181,,0.161812298,0.336569579,0.446601942,0.524271845
2019/11/9,212,48,86,110,134,146,,0.226415094,0.405660377,0.518867925,0.632075472
2019/11/10,155,34,65,94,110,116,,0.219354839,0.419354839,0.606451613,0.709677419
2019/11/11,250,50,101,132,165,179,,0.2,0.404,0.528,0.66
2019/11/12,319,74,138,177,210,223,,0.231974922,0.432601881,0.554858934,0.65830721
2019/11/13,346,57,103,137,180,193,,0.164739884,0.297687861,0.395953757,0.520231214
2019/11/14,309,49,137,182,245,264,,0.158576052,0.443365696,0.588996764,0.792880259
2019/11/15,338,61,177,216,283,296,,0.180473373,0.523668639,0.639053254,0.837278107
2019/11/16,198,39,91,113,156,168,,0.196969697,0.45959596,0.570707071,0.787878788
2019/11/17,180,44,81,115,152,160,,0.244444444,0.45,0.638888889,0.844444444
2019/11/18,286,52,126,176,229,249,,0.181818182,0.440559441,0.615384615,0.800699301
2019/11/19,284,44,127,170,236,252,,0.154929577,0.447183099,0.598591549,0.830985915
2019/11/20,265,50,124,165,211,224,,0.188679245,0.467924528,0.622641509,0.796226415
2019/11/21,297,48,136,183,239,254,,0.161616162,0.457912458,0.616161616,0.804713805
2019/11/22,333,54,144,195,271,284,,0.162162162,0.432432432,0.585585586,0.813813814
2019/11/23,176,38,84,112,149,161,,0.215909091,0.477272727,0.636363636,0.846590909
,,,,,,,,,,,
,,,,,,,,,,,
,,,,,,,,,,,
home 61,,,,,,,,,,,
,,,,,,,,,,,
,,,,,,,,,,,
2019/9/3,216,53,90,111,124,129,,0.24537037,0.416666667,0.513888889,0.574074074
2019/9/4,280,70,114,140,162,175,,0.25,0.407142857,0.5,0.578571429
2019/9/5,292,65,156,212,253,260,,0.22260274,0.534246575,0.726027397,0.866438356
2019/9/6,362,77,180,230,309,322,,0.212707182,0.497237569,0.635359116,0.85359116
2019/9/7,253,61,113,161,211,217,,0.241106719,0.446640316,0.636363636,0.833992095
2019/9/8,187,46,97,126,154,159,,0.245989305,0.518716578,0.673796791,0.823529412
2019/9/9,311,67,142,186,225,236,,0.215434084,0.45659164,0.59807074,0.723472669
2019/9/10,274,33,74,100,129,141,,0.120437956,0.270072993,0.364963504,0.47080292
2019/9/11,305,44,82,112,145,148,,0.144262295,0.268852459,0.367213115,0.475409836
2019/9/12,397,39,80,97,122,136,,0.098236776,0.201511335,0.244332494,0.307304786
2019/9/13,197,26,55,76,86,90,,0.131979695,0.279187817,0.385786802,0.436548223
2019/9/14,206,16,46,64,79,83,,0.077669903,0.223300971,0.310679612,0.383495146
2019/9/15,191,16,40,52,59,62,,0.083769634,0.209424084,0.272251309,0.308900524
2019/9/16,300,63,148,191,248,253,,0.21,0.493333333,0.636666667,0.826666667
2019/9/17,307,71,166,208,241,248,,0.231270358,0.540716612,0.67752443,0.785016287
2019/9/18,338,59,177,222,271,292,,0.174556213,0.523668639,0.656804734,0.801775148
2019/9/19,365,87,208,250,315,327,,0.238356164,0.569863014,0.684931507,0.863013699
2019/9/20,392,74,173,214,264,273,,0.18877551,0.441326531,0.545918367,0.673469388
2019/9/21,228,47,95,127,162,172,,0.206140351,0.416666667,0.557017544,0.710526316
2019/9/22,204,7,13,17,20,25,,0.034313725,0.06372549,0.083333333,0.098039216
2019/9/23,313,59,123,145,186,201,,0.188498403,0.392971246,0.463258786,0.594249201
2019/9/24,318,49,111,149,223,236,,0.15408805,0.349056604,0.468553459,0.701257862
2019/9/25,310,52,119,149,229,244,,0.167741935,0.383870968,0.480645161,0.738709677
2019/9/26,331,42,78,91,111,126,,0.126888218,0.235649547,0.274924471,0.335347432
2019/9/27,391,59,108,140,210,232,,0.150895141,0.276214834,0.358056266,0.537084399
2019/9/28,216,45,74,100,141,157,,0.208333333,0.342592593,0.462962963,0.652777778
2019/9/29,325,22,41,47,55,63,,0.067692308,0.126153846,0.144615385,0.169230769
2019/9/30,433,92,185,234,336,371,,0.212471132,0.427251732,0.540415704,0.775981524
2019/10/1,254,59,106,143,205,226,,0.232283465,0.417322835,0.562992126,0.807086614
2019/10/2,247,46,104,141,199,222,,0.186234818,0.421052632,0.570850202,0.805668016
2019/10/3,235,38,96,135,184,205,,0.161702128,0.408510638,0.574468085,0.782978723
2019/10/4,288,59,130,168,228,255,,0.204861111,0.451388889,0.583333333,0.791666667
2019/10/5,226,35,77,120,168,182,,0.154867257,0.340707965,0.530973451,0.743362832
2019/10/6,235,42,79,111,157,168,,0.178723404,0.336170213,0.472340426,0.668085106
2019/10/7,218,33,73,92,127,141,,0.151376147,0.334862385,0.422018349,0.582568807
2019/10/8,304,34,102,132,184,193,,0.111842105,0.335526316,0.434210526,0.605263158
2019/10/9,317,44,127,158,249,275,,0.138801262,0.400630915,0.498422713,0.785488959
2019/10/10,327,55,143,184,271,289,,0.168195719,0.437308869,0.562691131,0.828746177
2019/10/11,344,74,163,210,276,294,,0.215116279,0.473837209,0.610465116,0.802325581
2019/10/12,363,54,155,203,284,307,,0.148760331,0.426997245,0.55922865,0.782369146
2019/10/13,224,43,92,121,154,162,,0.191964286,0.410714286,0.540178571,0.6875
2019/10/14,321,47,113,138,179,183,,0.146417445,0.352024922,0.429906542,0.557632399
2019/10/15,338,43,113,159,206,215,,0.127218935,0.334319527,0.470414201,0.609467456
2019/10/16,343,39,68,83,100,106,,0.113702624,0.198250729,0.241982507,0.29154519
2019/10/17,333,49,123,172,211,227,,0.147147147,0.369369369,0.516516517,0.633633634
2019/10/18,392,80,151,195,244,263,,0.204081633,0.385204082,0.49744898,0.62244898
2019/10/19,247,67,130,176,206,219,,0.271255061,0.526315789,0.712550607,0.834008097
2019/10/20,188,47,88,127,152,157,,0.25,0.468085106,0.675531915,0.808510638
2019/10/21,318,65,130,175,225,242,,0.204402516,0.408805031,0.550314465,0.70754717
2019/10/22,313,72,120,162,194,215,,0.230031949,0.383386581,0.517571885,0.619808307
2019/10/23,332,67,162,227,263,277,,0.201807229,0.487951807,0.68373494,0.792168675
2019/10/24,358,83,159,231,296,321,,0.231843575,0.444134078,0.645251397,0.826815642
2019/10/25,360,87,165,224,267,290,,0.241666667,0.458333333,0.622222222,0.741666667
2019/10/26,213,50,100,143,178,192,,0.234741784,0.469483568,0.671361502,0.835680751
2019/10/29,270,72,131,165,208,226,,0.266666667,0.485185185,0.611111111,0.77037037
2019/10/30,237,75,131,159,193,204,,0.316455696,0.552742616,0.670886076,0.814345992
2019/10/31,307,90,142,181,236,260,,0.293159609,0.462540717,0.589576547,0.768729642
2019/11/1,337,50,101,136,175,195,,0.148367953,0.299703264,0.403560831,0.519287834
2019/11/2,190,42,82,106,127,134,,0.221052632,0.431578947,0.557894737,0.668421053
2019/11/3,130,8,21,22,29,30,,0.061538462,0.161538462,0.169230769,0.223076923
2019/11/4,252,57,92,136,161,181,,0.226190476,0.365079365,0.53968254,0.638888889
2019/11/5,231,55,107,145,178,203,,0.238095238,0.463203463,0.627705628,0.770562771
2019/11/6,233,69,116,151,189,206,,0.296137339,0.497854077,0.64806867,0.811158798
2019/11/7,265,66,122,170,204,221,,0.249056604,0.460377358,0.641509434,0.769811321
2019/11/8,309,52,110,146,171,191,,0.16828479,0.355987055,0.472491909,0.553398058
2019/11/9,212,44,81,114,136,148,,0.20754717,0.382075472,0.537735849,0.641509434
2019/11/10,155,42,82,112,131,139,,0.270967742,0.529032258,0.722580645,0.84516129
2019/11/11,250,54,117,156,203,222,,0.216,0.468,0.624,0.812
2019/11/12,319,73,155,204,259,277,,0.228840125,0.485893417,0.639498433,0.811912226
2019/11/13,346,68,129,168,232,247,,0.196531792,0.37283237,0.485549133,0.670520231
2019/11/14,309,37,104,130,179,194,,0.1197411,0.336569579,0.420711974,0.579288026
2019/11/15,338,51,139,163,212,224,,0.150887574,0.411242604,0.482248521,0.627218935
2019/11/16,198,22,53,68,94,102,,0.111111111,0.267676768,0.343434343,0.474747475
2019/11/17,180,19,44,61,81,84,,0.105555556,0.244444444,0.338888889,0.45
2019/11/18,286,50,122,170,224,242,,0.174825175,0.426573427,0.594405594,0.783216783
2019/11/19,284,41,102,141,197,211,,0.144366197,0.35915493,0.496478873,0.693661972
2019/11/20,265,49,120,159,205,218,,0.18490566,0.452830189,0.6,0.773584906
2019/11/21,297,48,136,185,239,254,,0.161616162,0.457912458,0.622895623,0.804713805
2019/11/22,333,32,78,102,131,136,,0.096096096,0.234234234,0.306306306,0.393393393
2019/11/23,176,27,58,77,102,110,,0.153409091,0.329545455,0.4375,0.579545455
,,,,,,,,,,,
,,,,,,,,,,,
,,,,,,,,,,,
home 63,,,,,,,,,,,
,,,,,,,,,,,
2019/9/3,216,34,93,105,112,117,,0.157407407,0.430555556,0.486111111,0.518518519
2019/9/4,280,57,170,234,265,268,,0.203571429,0.607142857,0.835714286,0.946428571
2019/9/5,292,63,166,225,274,280,,0.215753425,0.568493151,0.770547945,0.938356164
2019/9/6,362,81,186,234,315,331,,0.223756906,0.513812155,0.64640884,0.870165746
2019/9/7,253,70,127,180,227,234,,0.276679842,0.501976285,0.711462451,0.897233202
2019/9/8,187,49,107,140,161,163,,0.262032086,0.572192513,0.748663102,0.860962567
2019/9/9,311,66,152,210,256,266,,0.21221865,0.488745981,0.675241158,0.823151125
2019/9/10,274,63,139,185,236,251,,0.229927007,0.50729927,0.675182482,0.861313869
2019/9/11,305,76,148,216,257,259,,0.249180328,0.485245902,0.708196721,0.842622951
2019/9/12,397,90,188,241,273,292,,0.226700252,0.473551637,0.607052897,0.687657431
2019/9/13,197,35,50,57,63,64,,0.177664975,0.253807107,0.289340102,0.319796954
2019/9/14,206,15,39,50,54,56,,0.072815534,0.189320388,0.242718447,0.262135922
2019/9/15,191,24,43,53,55,58,,0.12565445,0.22513089,0.277486911,0.287958115
2019/9/16,300,23,34,38,47,48,,0.076666667,0.113333333,0.126666667,0.156666667
2019/9/17,307,25,47,52,58,60,,0.081433225,0.153094463,0.169381107,0.188925081
2019/9/18,338,21,47,51,57,60,,0.062130178,0.139053254,0.150887574,0.168639053
2019/9/19,365,18,38,41,45,48,,0.049315068,0.104109589,0.112328767,0.123287671
2019/9/20,392,65,98,113,122,127,,0.165816327,0.25,0.288265306,0.31122449
2019/9/21,228,18,26,36,43,44,,0.078947368,0.114035088,0.157894737,0.188596491
2019/9/22,204,11,19,23,27,29,,0.053921569,0.093137255,0.112745098,0.132352941
2019/9/23,313,12,19,20,25,26,,0.038338658,0.060702875,0.063897764,0.079872204
2019/9/24,318,9,10,16,21,26,,0.028301887,0.031446541,0.050314465,0.066037736
2019/9/25,310,2,5,7,12,16,,0.006451613,0.016129032,0.022580645,0.038709677
2019/9/26,331,12,17,21,25,28,,0.036253776,0.051359517,0.063444109,0.075528701
2019/9/27,391,9,18,28,31,34,,0.023017903,0.046035806,0.071611253,0.079283887
2019/9/28,216,5,5,6,12,14,,0.023148148,0.023148148,0.027777778,0.055555556
2019/9/29,325,8,10,13,17,19,,0.024615385,0.030769231,0.04,0.052307692
2019/9/30,433,10,19,25,36,41,,0.023094688,0.043879908,0.057736721,0.083140878
2019/10/1,254,5,9,10,19,23,,0.019685039,0.035433071,0.039370079,0.07480315
2019/10/2,247,7,13,18,28,29,,0.028340081,0.052631579,0.072874494,0.113360324
2019/10/3,235,4,8,8,10,11,,0.017021277,0.034042553,0.034042553,0.042553191
2019/10/4,288,8,13,15,23,27,,0.027777778,0.045138889,0.052083333,0.079861111
2019/10/5,226,3,5,7,7,10,,0.013274336,0.022123894,0.030973451,0.030973451
2019/10/6,235,1,4,5,9,12,,0.004255319,0.017021277,0.021276596,0.038297872
2019/10/7,218,2,4,4,12,13,,0.009174312,0.018348624,0.018348624,0.055045872
2019/10/8,304,5,9,12,19,23,,0.016447368,0.029605263,0.039473684,0.0625
2019/10/9,317,9,14,15,22,25,,0.028391167,0.044164038,0.047318612,0.069400631
2019/10/10,327,6,12,13,23,27,,0.018348624,0.036697248,0.039755352,0.070336391
2019/10/11,344,7,9,11,14,19,,0.020348837,0.026162791,0.031976744,0.040697674
2019/10/12,363,7,12,19,25,29,,0.019283747,0.033057851,0.052341598,0.068870523
2019/10/13,224,8,12,13,18,19,,0.035714286,0.053571429,0.058035714,0.080357143
2019/10/14,321,3,8,11,13,22,,0.009345794,0.024922118,0.034267913,0.040498442
2019/10/15,338,6,10,13,18,23,,0.017751479,0.029585799,0.038461538,0.053254438
2019/10/16,343,15,18,20,24,33,,0.043731778,0.052478134,0.058309038,0.069970845
2019/10/17,333,7,18,23,28,34,,0.021021021,0.054054054,0.069069069,0.084084084
2019/10/18,392,14,21,28,36,41,,0.035714286,0.053571429,0.071428571,0.091836735
2019/10/19,247,4,8,10,11,11,,0.016194332,0.032388664,0.04048583,0.044534413
2019/10/20,188,8,10,10,14,19,,0.042553191,0.053191489,0.053191489,0.074468085
2019/10/21,318,7,11,14,16,19,,0.022012579,0.034591195,0.044025157,0.050314465
2019/10/22,313,9,19,19,28,31,,0.028753994,0.060702875,0.060702875,0.089456869
2019/10/23,332,12,19,20,28,31,,0.036144578,0.057228916,0.060240964,0.084337349
2019/10/24,358,3,13,15,23,28,,0.008379888,0.036312849,0.041899441,0.06424581
2019/10/25,360,5,15,21,31,40,,0.013888889,0.041666667,0.058333333,0.086111111
2019/10/26,213,4,15,20,32,35,,0.018779343,0.070422535,0.093896714,0.150234742
2019/10/29,270,10,15,16,22,30,,0.037037037,0.055555556,0.059259259,0.081481481
2019/10/30,237,7,14,16,20,23,,0.029535865,0.05907173,0.067510549,0.084388186
2019/10/31,307,10,18,23,25,30,,0.03257329,0.058631922,0.074918567,0.081433225
2019/11/1,337,4,9,11,16,23,,0.011869436,0.026706231,0.03264095,0.047477745
2019/11/2,190,4,10,11,16,18,,0.021052632,0.052631579,0.057894737,0.084210526
2019/11/3,130,0,1,1,3,4,,0,0.007692308,0.007692308,0.023076923
2019/11/4,252,0,2,5,7,15,,0,0.007936508,0.01984127,0.027777778
2019/11/5,231,54,107,144,177,203,,0.233766234,0.463203463,0.623376623,0.766233766
2019/11/6,233,69,116,151,188,205,,0.296137339,0.497854077,0.64806867,0.806866953
2019/11/7,265,66,125,172,208,226,,0.249056604,0.471698113,0.649056604,0.78490566
2019/11/8,309,80,160,211,242,270,,0.258899676,0.517799353,0.682847896,0.783171521
2019/11/9,212,53,95,127,159,172,,0.25,0.448113208,0.599056604,0.75
2019/11/10,155,21,33,41,48,58,,0.135483871,0.212903226,0.264516129,0.309677419
2019/11/11,250,36,73,90,118,132,,0.144,0.292,0.36,0.472
2019/11/12,319,44,84,110,142,153,,0.137931034,0.263322884,0.344827586,0.445141066
2019/11/13,346,47,96,121,165,186,,0.13583815,0.277456647,0.349710983,0.476878613
2019/11/14,309,31,71,101,129,142,,0.100323625,0.229773463,0.326860841,0.417475728
2019/11/15,338,50,130,161,204,218,,0.147928994,0.384615385,0.476331361,0.603550296
2019/11/16,198,24,62,74,96,109,,0.121212121,0.313131313,0.373737374,0.484848485
2019/11/17,180,33,60,87,106,116,,0.183333333,0.333333333,0.483333333,0.588888889
2019/11/18,286,35,84,112,146,168,,0.122377622,0.293706294,0.391608392,0.51048951
2019/11/19,284,30,90,107,151,164,,0.105633803,0.316901408,0.376760563,0.531690141
2019/11/20,265,33,80,106,138,156,,0.124528302,0.301886792,0.4,0.520754717
2019/11/21,297,36,93,118,150,168,,0.121212121,0.313131313,0.397306397,0.505050505
2019/11/22,333,39,97,127,168,185,,0.117117117,0.291291291,0.381381381,0.504504505
2019/11/23,176,21,45,60,85,96,,0.119318182,0.255681818,0.340909091,0.482954545
,,,,,,,,,,,
,,,,,,,,,,,
gru 60,,,,,,,,,,,
,,,,,,,,,,,
2019/9/2,117,23,52,84,97,101,,0.196581197,0.444444444,0.717948718,0.829059829
2019/9/3,216,40,113,157,178,183,,0.185185185,0.523148148,0.726851852,0.824074074
2019/9/4,280,53,157,215,240,245,,0.189285714,0.560714286,0.767857143,0.857142857
2019/9/5,292,57,150,200,236,245,,0.195205479,0.51369863,0.684931507,0.808219178
2019/9/6,362,76,150,192,252,264,,0.209944751,0.414364641,0.53038674,0.696132597
2019/9/7,253,59,109,151,199,206,,0.233201581,0.43083004,0.596837945,0.786561265
2019/9/8,187,46,87,112,138,141,,0.245989305,0.465240642,0.598930481,0.737967914
2019/9/9,311,49,100,128,159,165,,0.15755627,0.321543408,0.411575563,0.511254019
2019/9/10,274,54,119,160,207,224,,0.197080292,0.434306569,0.583941606,0.755474453
2019/9/11,305,68,128,174,223,232,,0.22295082,0.419672131,0.570491803,0.731147541
2019/9/12,397,78,168,230,280,301,,0.196473552,0.423173804,0.579345088,0.705289673
2019/9/13,197,40,83,112,132,140,,0.203045685,0.421319797,0.568527919,0.670050761
2019/9/14,206,30,73,99,119,123,,0.145631068,0.354368932,0.480582524,0.577669903
2019/9/15,191,17,44,72,89,96,,0.089005236,0.230366492,0.376963351,0.465968586
2019/9/16,300,50,104,132,170,179,,0.166666667,0.346666667,0.44,0.566666667
2019/9/17,307,35,78,101,127,140,,0.114006515,0.254071661,0.328990228,0.413680782
2019/9/18,338,33,71,89,106,115,,0.097633136,0.210059172,0.263313609,0.313609467
2019/9/19,365,38,63,73,90,100,,0.104109589,0.17260274,0.2,0.246575342
2019/9/20,392,47,70,84,101,107,,0.119897959,0.178571429,0.214285714,0.257653061
2019/9/21,228,8,17,20,27,31,,0.035087719,0.074561404,0.087719298,0.118421053
2019/9/22,204,4,9,12,13,15,,0.019607843,0.044117647,0.058823529,0.06372549
2019/9/23,313,8,15,19,24,29,,0.025559105,0.047923323,0.060702875,0.076677316
2019/9/24,318,13,19,25,36,41,,0.040880503,0.059748428,0.078616352,0.113207547
2019/9/25,310,11,23,29,33,41,,0.035483871,0.074193548,0.093548387,0.106451613
2019/9/26,331,12,20,21,28,33,,0.036253776,0.060422961,0.063444109,0.084592145
2019/9/27,391,13,22,25,32,37,,0.033248082,0.056265985,0.063938619,0.081841432
2019/9/28,216,6,13,17,20,23,,0.027777778,0.060185185,0.078703704,0.092592593
2019/9/29,325,11,21,27,34,37,,0.033846154,0.064615385,0.083076923,0.104615385
2019/9/30,433,27,55,60,78,85,,0.062355658,0.127020785,0.138568129,0.180138568
2019/10/1,254,45,89,119,182,200,,0.177165354,0.350393701,0.468503937,0.716535433
2019/10/2,247,43,100,136,195,215,,0.174089069,0.4048583,0.550607287,0.789473684
2019/10/3,235,17,30,36,54,58,,0.072340426,0.127659574,0.153191489,0.229787234
2019/10/4,288,36,77,86,106,112,,0.125,0.267361111,0.298611111,0.368055556
2019/10/5,226,19,36,52,69,73,,0.084070796,0.159292035,0.230088496,0.305309735
2019/10/6,235,27,52,68,88,91,,0.114893617,0.221276596,0.289361702,0.374468085
2019/10/7,218,28,55,64,81,89,,0.128440367,0.252293578,0.293577982,0.371559633
2019/10/8,304,38,103,133,192,201,,0.125,0.338815789,0.4375,0.631578947
2019/10/9,317,42,107,142,226,240,,0.132492114,0.337539432,0.447949527,0.712933754
2019/10/10,327,43,119,154,230,242,,0.131498471,0.363914373,0.470948012,0.703363914
2019/10/11,344,25,75,98,135,146,,0.072674419,0.218023256,0.284883721,0.39244186
2019/10/12,363,27,96,125,186,205,,0.074380165,0.26446281,0.344352617,0.512396694
2019/10/13,224,25,60,79,104,108,,0.111607143,0.267857143,0.352678571,0.464285714
2019/10/14,321,37,77,99,131,141,,0.115264798,0.239875389,0.308411215,0.408099688
2019/10/15,338,53,149,206,276,292,,0.156804734,0.440828402,0.609467456,0.816568047
2019/10/16,343,70,169,203,260,273,,0.204081633,0.49271137,0.591836735,0.758017493
2019/10/17,333,40,99,138,173,192,,0.12012012,0.297297297,0.414414414,0.51951952
2019/10/18,392,52,110,140,176,198,,0.132653061,0.280612245,0.357142857,0.448979592
2019/10/19,247,67,122,168,197,206,,0.271255061,0.493927126,0.680161943,0.79757085
2019/10/20,188,47,88,125,149,156,,0.25,0.468085106,0.664893617,0.792553191
2019/10/21,318,69,118,160,200,209,,0.216981132,0.371069182,0.503144654,0.628930818
2019/10/22,313,67,123,167,203,220,,0.214057508,0.392971246,0.533546326,0.6485623
2019/10/23,332,50,115,138,159,174,,0.15060241,0.346385542,0.415662651,0.478915663
2019/10/24,358,78,136,189,229,247,,0.217877095,0.379888268,0.527932961,0.639664804
2019/10/25,360,57,109,139,162,173,,0.158333333,0.302777778,0.386111111,0.45
2019/10/26,213,50,99,143,178,192,,0.234741784,0.464788732,0.671361502,0.835680751
2019/10/29,270,72,130,165,206,224,,0.266666667,0.481481481,0.611111111,0.762962963
2019/10/30,237,69,111,132,162,170,,0.291139241,0.46835443,0.556962025,0.683544304
2019/10/31,307,84,131,161,208,233,,0.273615635,0.426710098,0.524429967,0.67752443
2019/11/1,337,60,121,152,185,200,,0.178041543,0.359050445,0.451038576,0.548961424
2019/11/2,190,49,94,121,151,163,,0.257894737,0.494736842,0.636842105,0.794736842
2019/11/3,130,31,61,69,90,97,,0.238461538,0.469230769,0.530769231,0.692307692
2019/11/4,252,58,99,141,170,191,,0.23015873,0.392857143,0.55952381,0.674603175
2019/11/5,231,47,100,134,159,179,,0.203463203,0.432900433,0.58008658,0.688311688
2019/11/6,233,64,95,128,164,180,,0.274678112,0.407725322,0.549356223,0.703862661
2019/11/7,265,64,116,156,186,205,,0.241509434,0.437735849,0.588679245,0.701886792
2019/11/8,309,80,161,209,240,269,,0.258899676,0.521035599,0.676375405,0.776699029
2019/11/9,212,55,97,127,154,165,,0.259433962,0.45754717,0.599056604,0.726415094
2019/11/10,155,38,72,100,119,123,,0.24516129,0.464516129,0.64516129,0.767741935
2019/11/11,250,51,110,146,188,206,,0.204,0.44,0.584,0.752
2019/11/12,319,67,131,176,229,243,,0.210031348,0.410658307,0.551724138,0.717868339
2019/11/13,346,55,114,139,182,203,,0.158959538,0.329479769,0.401734104,0.526011561
2019/11/14,309,41,89,124,160,177,,0.132686084,0.28802589,0.401294498,0.517799353
2019/11/15,338,39,88,115,148,164,,0.115384615,0.26035503,0.340236686,0.437869822
2019/11/16,198,29,66,93,115,126,,0.146464646,0.333333333,0.46969697,0.580808081
2019/11/17,180,35,61,84,110,115,,0.194444444,0.338888889,0.466666667,0.611111111
2019/11/18,286,40,95,122,164,175,,0.13986014,0.332167832,0.426573427,0.573426573
2019/11/19,284,45,101,139,179,192,,0.158450704,0.355633803,0.48943662,0.63028169
2019/11/20,265,45,106,149,193,204,,0.169811321,0.4,0.562264151,0.728301887
2019/11/21,297,49,137,182,238,255,,0.164983165,0.461279461,0.612794613,0.801346801
2019/11/22,333,54,142,193,269,282,,0.162162162,0.426426426,0.57957958,0.807807808
2019/11/23,176,34,54,66,87,95,,0.193181818,0.306818182,0.375,0.494318182
,,,,,,,,,,,
,,,,,,,,,,,
,,,,,,,,,,,
,,,,,,,,,,,
,,,,,,,,,,,
gru 61,,,,,,,,,,,
,,,,,,,,,,,
2019/9/2,117,25,48,80,91,94,,0.213675214,0.41025641,0.683760684,0.777777778
2019/9/3,216,49,126,170,188,193,,0.226851852,0.583333333,0.787037037,0.87037037
2019/9/4,280,53,156,214,238,241,,0.189285714,0.557142857,0.764285714,0.85
2019/9/5,292,52,139,187,223,231,,0.178082192,0.476027397,0.640410959,0.76369863
2019/9/6,362,84,176,218,285,298,,0.232044199,0.486187845,0.602209945,0.787292818
2019/9/7,253,60,111,156,206,214,,0.23715415,0.438735178,0.616600791,0.814229249
2019/9/8,187,37,88,116,141,145,,0.197860963,0.470588235,0.620320856,0.754010695
2019/9/9,311,58,130,173,209,220,,0.186495177,0.418006431,0.556270096,0.672025723
2019/9/10,274,43,86,111,144,155,,0.156934307,0.313868613,0.405109489,0.525547445
2019/9/11,305,43,78,109,147,152,,0.140983607,0.255737705,0.357377049,0.481967213
2019/9/12,397,40,72,86,103,122,,0.100755668,0.181360202,0.216624685,0.259445844
2019/9/13,197,38,65,83,103,112,,0.192893401,0.329949239,0.421319797,0.52284264
2019/9/14,206,24,42,53,67,72,,0.116504854,0.203883495,0.257281553,0.325242718
2019/9/15,191,15,20,23,31,35,,0.078534031,0.104712042,0.120418848,0.162303665
2019/9/16,300,37,66,82,103,110,,0.123333333,0.22,0.273333333,0.343333333
2019/9/17,307,36,53,62,78,84,,0.117263844,0.172638436,0.201954397,0.254071661
2019/9/18,338,30,42,49,65,71,,0.088757396,0.124260355,0.144970414,0.192307692
2019/9/19,365,35,53,60,76,81,,0.095890411,0.145205479,0.164383562,0.208219178
2019/9/20,392,14,24,35,46,68,,0.035714286,0.06122449,0.089285714,0.117346939
2019/9/21,228,12,29,34,39,46,,0.052631579,0.127192982,0.149122807,0.171052632
2019/9/22,204,10,12,13,26,33,,0.049019608,0.058823529,0.06372549,0.12745098
2019/9/23,313,26,36,49,67,81,,0.083067093,0.115015974,0.156549521,0.214057508
2019/9/24,318,21,46,70,90,94,,0.066037736,0.144654088,0.220125786,0.283018868
2019/9/25,310,42,83,105,167,180,,0.135483871,0.267741935,0.338709677,0.538709677
2019/9/26,331,61,122,157,225,236,,0.18429003,0.36858006,0.474320242,0.679758308
2019/9/27,391,68,133,176,273,291,,0.173913043,0.340153453,0.450127877,0.698209719
2019/9/28,216,44,77,98,144,157,,0.203703704,0.356481481,0.453703704,0.666666667
2019/9/29,325,52,114,148,196,217,,0.16,0.350769231,0.455384615,0.603076923
2019/9/30,433,75,151,195,276,297,,0.173210162,0.348729792,0.45034642,0.637413395
2019/10/1,254,45,88,117,170,187,,0.177165354,0.346456693,0.460629921,0.669291339
2019/10/2,247,40,92,118,158,178,,0.16194332,0.372469636,0.477732794,0.639676113
2019/10/3,235,23,65,88,117,130,,0.09787234,0.276595745,0.374468085,0.49787234
2019/10/4,288,32,77,94,127,140,,0.111111111,0.267361111,0.326388889,0.440972222
2019/10/5,226,32,71,107,156,167,,0.14159292,0.314159292,0.473451327,0.690265487
2019/10/6,235,22,54,72,95,104,,0.093617021,0.229787234,0.306382979,0.404255319
2019/10/7,218,24,50,62,81,87,,0.110091743,0.229357798,0.28440367,0.371559633
2019/10/8,304,31,115,154,213,230,,0.101973684,0.378289474,0.506578947,0.700657895
2019/10/9,317,45,128,158,251,275,,0.141955836,0.403785489,0.498422713,0.791798107
2019/10/10,327,52,138,179,265,283,,0.159021407,0.422018349,0.547400612,0.810397554
2019/10/11,344,59,134,170,240,253,,0.171511628,0.389534884,0.494186047,0.697674419
2019/10/12,363,39,101,141,188,200,,0.107438017,0.278236915,0.388429752,0.517906336
2019/10/13,224,40,94,125,161,170,,0.178571429,0.419642857,0.558035714,0.71875
2019/10/14,321,63,137,177,238,247,,0.196261682,0.426791277,0.551401869,0.741433022
2019/10/15,338,35,108,153,205,215,,0.103550296,0.319526627,0.452662722,0.606508876
2019/10/16,343,61,159,193,238,252,,0.177842566,0.463556851,0.562682216,0.693877551
2019/10/17,333,56,129,181,229,248,,0.168168168,0.387387387,0.543543544,0.687687688
2019/10/18,392,95,185,235,299,317,,0.242346939,0.471938776,0.599489796,0.762755102
2019/10/19,247,66,125,172,200,213,,0.267206478,0.506072874,0.696356275,0.809716599
2019/10/20,188,46,86,127,153,160,,0.244680851,0.457446809,0.675531915,0.813829787
2019/10/21,318,79,144,193,247,263,,0.248427673,0.452830189,0.606918239,0.77672956
2019/10/22,313,79,147,199,243,267,,0.252396166,0.469648562,0.635782748,0.776357827
2019/10/23,332,73,158,209,244,259,,0.219879518,0.475903614,0.629518072,0.734939759
2019/10/24,358,82,149,200,254,272,,0.229050279,0.416201117,0.558659218,0.709497207
2019/10/25,360,86,157,196,239,251,,0.238888889,0.436111111,0.544444444,0.663888889
2019/10/26,213,49,96,133,167,179,,0.230046948,0.450704225,0.624413146,0.784037559
2019/10/29,270,59,100,118,143,157,,0.218518519,0.37037037,0.437037037,0.52962963
2019/10/30,237,75,131,159,193,204,,0.316455696,0.552742616,0.670886076,0.814345992
2019/10/31,307,89,140,178,233,257,,0.28990228,0.456026059,0.57980456,0.758957655
2019/11/1,337,78,150,209,260,288,,0.231454006,0.445103858,0.620178042,0.771513353
2019/11/2,190,47,94,123,153,165,,0.247368421,0.494736842,0.647368421,0.805263158
2019/11/3,130,27,58,68,89,98,,0.207692308,0.446153846,0.523076923,0.684615385
2019/11/4,252,60,104,151,184,205,,0.238095238,0.412698413,0.599206349,0.73015873
2019/11/5,231,54,107,144,178,203,,0.233766234,0.463203463,0.623376623,0.770562771
2019/11/6,233,68,111,144,180,198,,0.291845494,0.47639485,0.618025751,0.772532189
2019/11/7,265,49,97,137,167,187,,0.18490566,0.366037736,0.516981132,0.630188679
2019/11/8,309,63,123,166,189,213,,0.203883495,0.398058252,0.537216828,0.611650485
2019/11/9,212,46,85,111,140,150,,0.216981132,0.400943396,0.523584906,0.660377358
2019/11/10,155,37,66,93,110,114,,0.238709677,0.425806452,0.6,0.709677419
2019/11/11,250,53,110,148,187,206,,0.212,0.44,0.592,0.748
2019/11/12,319,74,154,204,258,276,,0.231974922,0.482758621,0.639498433,0.808777429
2019/11/13,346,81,161,211,282,300,,0.234104046,0.465317919,0.60982659,0.815028902
2019/11/14,309,29,76,87,117,144,,0.093851133,0.245954693,0.281553398,0.378640777
2019/11/15,338,61,175,214,279,292,,0.180473373,0.517751479,0.633136095,0.825443787
2019/11/16,198,38,88,109,152,164,,0.191919192,0.444444444,0.550505051,0.767676768
2019/11/17,180,42,78,112,149,158,,0.233333333,0.433333333,0.622222222,0.827777778
2019/11/18,286,47,121,172,225,243,,0.164335664,0.423076923,0.601398601,0.786713287
2019/11/19,284,45,126,168,232,249,,0.158450704,0.443661972,0.591549296,0.816901408
2019/11/20,265,50,124,165,211,224,,0.188679245,0.467924528,0.622641509,0.796226415
2019/11/21,297,51,133,181,232,247,,0.171717172,0.447811448,0.609427609,0.781144781
2019/11/22,333,54,144,195,270,283,,0.162162162,0.432432432,0.585585586,0.810810811
2019/11/23,176,36,82,110,147,159,,0.204545455,0.465909091,0.625,0.835227273
,,,,,,,,,,,
,,,,,,,,,,,
,,,,,,,,,,,
gru 63,,,,,,,,,,,
,,,,,,,,,,,
2019/9/2,117,35,64,87,96,97,,0.299145299,0.547008547,0.743589744,0.820512821
2019/9/3,216,47,127,166,187,198,,0.217592593,0.587962963,0.768518519,0.865740741
2019/9/4,280,58,181,231,256,261,,0.207142857,0.646428571,0.825,0.914285714
2019/9/5,292,63,168,222,270,278,,0.215753425,0.575342466,0.760273973,0.924657534
2019/9/6,362,78,186,235,319,338,,0.215469613,0.513812155,0.649171271,0.88121547
2019/9/7,253,69,127,178,228,235,,0.272727273,0.501976285,0.703557312,0.901185771
2019/9/8,187,50,112,143,170,173,,0.267379679,0.598930481,0.764705882,0.909090909
2019/9/9,311,70,157,205,257,267,,0.225080386,0.504823151,0.659163987,0.826366559
2019/9/10,274,61,133,168,219,236,,0.222627737,0.48540146,0.613138686,0.799270073
2019/9/11,305,73,142,190,238,245,,0.239344262,0.46557377,0.62295082,0.780327869
2019/9/12,397,72,184,257,328,355,,0.181360202,0.463476071,0.647355164,0.826196474
2019/9/13,197,49,82,109,123,129,,0.248730964,0.416243655,0.553299492,0.624365482
2019/9/14,206,34,83,110,142,151,,0.165048544,0.402912621,0.533980583,0.689320388
2019/9/15,191,27,67,95,113,121,,0.141361257,0.35078534,0.497382199,0.591623037
2019/9/16,300,59,114,138,170,176,,0.196666667,0.38,0.46,0.566666667
2019/9/17,307,60,132,157,183,192,,0.195439739,0.429967427,0.511400651,0.596091205
2019/9/18,338,59,153,193,233,248,,0.174556213,0.452662722,0.571005917,0.689349112
2019/9/19,365,93,174,202,251,257,,0.254794521,0.476712329,0.553424658,0.687671233
2019/9/20,392,75,142,166,198,202,,0.191326531,0.362244898,0.423469388,0.505102041
2019/9/21,228,46,89,115,138,145,,0.201754386,0.390350877,0.504385965,0.605263158
2019/9/22,204,42,82,100,111,118,,0.205882353,0.401960784,0.490196078,0.544117647
2019/9/23,313,51,101,118,147,158,,0.162939297,0.322683706,0.376996805,0.469648562
2019/9/24,318,37,90,122,169,184,,0.116352201,0.283018868,0.383647799,0.531446541
2019/9/25,310,51,103,133,191,206,,0.164516129,0.332258065,0.429032258,0.616129032
2019/9/26,331,58,108,134,183,204,,0.175226586,0.326283988,0.404833837,0.552870091
2019/9/27,391,62,119,150,216,242,,0.158567775,0.304347826,0.383631714,0.552429668
2019/9/28,216,35,55,70,98,116,,0.162037037,0.25462963,0.324074074,0.453703704
2019/9/29,325,40,103,131,180,197,,0.123076923,0.316923077,0.403076923,0.553846154
2019/9/30,433,56,119,144,211,247,,0.129330254,0.27482679,0.33256351,0.487297921
2019/10/1,254,36,58,73,99,117,,0.141732283,0.228346457,0.287401575,0.38976378
2019/10/2,247,24,62,77,117,138,,0.097165992,0.251012146,0.311740891,0.473684211
2019/10/3,235,27,50,63,87,113,,0.114893617,0.212765957,0.268085106,0.370212766
2019/10/4,288,35,72,83,113,137,,0.121527778,0.25,0.288194444,0.392361111
2019/10/5,226,27,53,71,89,96,,0.119469027,0.234513274,0.314159292,0.39380531
2019/10/6,235,31,55,77,107,112,,0.131914894,0.234042553,0.327659574,0.455319149
2019/10/7,218,23,38,57,89,95,,0.105504587,0.174311927,0.26146789,0.408256881
2019/10/8,304,25,77,99,153,166,,0.082236842,0.253289474,0.325657895,0.503289474
2019/10/9,317,35,73,85,138,157,,0.110410095,0.230283912,0.268138801,0.43533123
2019/10/10,327,41,91,114,159,170,,0.125382263,0.278287462,0.348623853,0.486238532
2019/10/11,344,60,120,137,189,202,,0.174418605,0.348837209,0.398255814,0.549418605
2019/10/12,363,39,84,99,138,156,,0.107438017,0.231404959,0.272727273,0.380165289
2019/10/13,224,41,70,80,96,110,,0.183035714,0.3125,0.357142857,0.428571429
2019/10/14,321,44,100,121,156,173,,0.137071651,0.31152648,0.37694704,0.485981308
2019/10/15,338,33,89,117,149,166,,0.097633136,0.263313609,0.346153846,0.440828402
2019/10/16,343,42,102,133,160,173,,0.12244898,0.297376093,0.387755102,0.466472303
2019/10/17,333,31,79,111,137,170,,0.093093093,0.237237237,0.333333333,0.411411411
2019/10/18,392,64,124,157,200,223,,0.163265306,0.316326531,0.400510204,0.510204082
2019/10/19,247,45,89,111,130,137,,0.182186235,0.360323887,0.449392713,0.526315789
2019/10/20,188,35,60,83,95,101,,0.186170213,0.319148936,0.441489362,0.505319149
2019/10/21,318,38,76,101,124,140,,0.119496855,0.238993711,0.317610063,0.389937107
2019/10/22,313,35,74,98,122,136,,0.111821086,0.236421725,0.313099042,0.389776358
2019/10/23,332,35,81,105,128,137,,0.105421687,0.243975904,0.31626506,0.385542169
2019/10/24,358,48,107,141,168,180,,0.134078212,0.298882682,0.393854749,0.469273743
2019/10/25,360,40,93,112,137,154,,0.111111111,0.258333333,0.311111111,0.380555556
2019/10/26,213,46,82,107,131,139,,0.215962441,0.384976526,0.502347418,0.615023474
2019/10/29,270,57,113,142,179,191,,0.211111111,0.418518519,0.525925926,0.662962963
2019/10/30,237,58,111,137,160,169,,0.244725738,0.46835443,0.578059072,0.675105485
2019/10/31,307,66,112,142,175,185,,0.214983713,0.364820847,0.462540717,0.570032573
2019/11/1,337,57,107,140,175,185,,0.169139466,0.317507418,0.415430267,0.519287834
2019/11/2,190,27,59,70,85,87,,0.142105263,0.310526316,0.368421053,0.447368421
2019/11/3,130,14,22,32,43,47,,0.107692308,0.169230769,0.246153846,0.330769231
2019/11/4,252,37,70,83,99,108,,0.146825397,0.277777778,0.329365079,0.392857143
2019/11/5,231,24,46,55,71,83,,0.103896104,0.199134199,0.238095238,0.307359307
2019/11/6,233,22,48,58,78,89,,0.094420601,0.206008584,0.248927039,0.334763948
2019/11/7,265,23,62,87,108,134,,0.086792453,0.233962264,0.328301887,0.40754717
2019/11/8,309,29,78,113,140,167,,0.093851133,0.252427184,0.365695793,0.453074434
2019/11/9,212,33,73,85,105,113,,0.155660377,0.344339623,0.400943396,0.495283019
2019/11/10,155,27,57,71,90,92,,0.174193548,0.367741935,0.458064516,0.580645161
2019/11/11,250,27,66,85,108,124,,0.108,0.264,0.34,0.432
2019/11/12,319,38,83,117,141,156,,0.119122257,0.260188088,0.36677116,0.44200627
2019/11/13,346,70,145,187,242,261,,0.202312139,0.419075145,0.540462428,0.699421965
2019/11/14,309,35,87,116,147,156,,0.113268608,0.281553398,0.375404531,0.475728155
2019/11/15,338,34,76,94,111,124,,0.100591716,0.224852071,0.278106509,0.328402367
2019/11/16,198,20,36,44,52,59,,0.101010101,0.181818182,0.222222222,0.262626263
2019/11/17,180,28,53,69,84,90,,0.155555556,0.294444444,0.383333333,0.466666667
2019/11/18,286,40,77,107,127,131,,0.13986014,0.269230769,0.374125874,0.444055944
2019/11/19,284,31,73,104,132,141,,0.10915493,0.257042254,0.366197183,0.464788732
2019/11/20,265,37,96,124,155,169,,0.139622642,0.362264151,0.467924528,0.58490566
2019/11/21,297,46,128,163,217,230,,0.154882155,0.430976431,0.548821549,0.730639731
2019/11/22,333,56,132,178,241,249,,0.168168168,0.396396396,0.534534535,0.723723724
2019/11/23,176,34,78,104,129,139,,0.193181818,0.443181818,0.590909091,0.732954545
,,,,,,,,,,,
,,,,,,,,,,,
,,,,,,,,,,,
bgru 60,,,,,,,,,,,
,,,,,,,,,,,
,,,,,,,,,,,
2019/9/2,117,13,19,32,43,44,,0.111111111,0.162393162,0.273504274,0.367521368
2019/9/3,216,4,10,16,24,29,,0.018518519,0.046296296,0.074074074,0.111111111
2019/9/4,280,19,39,48,69,79,,0.067857143,0.139285714,0.171428571,0.246428571
2019/9/5,292,40,59,66,86,105,,0.136986301,0.202054795,0.226027397,0.294520548
2019/9/6,362,86,164,209,260,275,,0.237569061,0.453038674,0.577348066,0.718232044
2019/9/7,253,69,121,162,206,212,,0.272727273,0.47826087,0.640316206,0.814229249
2019/9/8,187,37,82,101,122,126,,0.197860963,0.438502674,0.540106952,0.652406417
2019/9/9,311,32,51,57,66,73,,0.102893891,0.163987138,0.183279743,0.21221865
2019/9/10,274,66,126,161,202,217,,0.240875912,0.459854015,0.587591241,0.737226277
2019/9/11,305,68,126,177,226,231,,0.22295082,0.413114754,0.580327869,0.740983607
2019/9/12,397,72,157,213,260,283,,0.181360202,0.395465995,0.536523929,0.654911839
2019/9/13,197,39,79,108,132,142,,0.197969543,0.401015228,0.54822335,0.670050761
2019/9/14,206,28,72,99,124,130,,0.13592233,0.349514563,0.480582524,0.601941748
2019/9/15,191,26,53,83,106,111,,0.136125654,0.277486911,0.434554974,0.554973822
2019/9/16,300,43,83,105,125,130,,0.143333333,0.276666667,0.35,0.416666667
2019/9/17,307,58,128,152,183,198,,0.188925081,0.416938111,0.495114007,0.596091205
2019/9/18,338,44,117,142,175,187,,0.130177515,0.346153846,0.420118343,0.517751479
2019/9/19,365,41,98,115,150,153,,0.112328767,0.268493151,0.315068493,0.410958904
2019/9/20,392,37,63,73,81,86,,0.094387755,0.160714286,0.18622449,0.206632653
2019/9/21,228,35,76,102,133,142,,0.153508772,0.333333333,0.447368421,0.583333333
2019/9/22,204,26,55,73,90,97,,0.12745098,0.269607843,0.357843137,0.441176471
2019/9/23,313,20,39,52,68,80,,0.063897764,0.124600639,0.166134185,0.217252396
2019/9/24,318,34,72,95,135,142,,0.106918239,0.226415094,0.298742138,0.424528302
2019/9/25,310,25,44,53,75,84,,0.080645161,0.141935484,0.170967742,0.241935484
2019/9/26,331,61,114,149,202,224,,0.18429003,0.344410876,0.450151057,0.610271903
2019/9/27,391,69,130,172,260,290,,0.176470588,0.332480818,0.439897698,0.664961637
2019/9/28,216,44,75,98,142,161,,0.203703704,0.347222222,0.453703704,0.657407407
2019/9/29,325,68,143,186,244,265,,0.209230769,0.44,0.572307692,0.750769231
2019/9/30,433,73,131,169,234,257,,0.168591224,0.302540416,0.390300231,0.540415704
2019/10/1,254,31,70,91,120,137,,0.122047244,0.275590551,0.358267717,0.472440945
2019/10/2,247,17,41,53,65,75,,0.068825911,0.165991903,0.214574899,0.263157895
2019/10/3,235,12,21,22,30,33,,0.05106383,0.089361702,0.093617021,0.127659574
2019/10/4,288,33,65,86,112,121,,0.114583333,0.225694444,0.298611111,0.388888889
2019/10/5,226,5,12,16,24,28,,0.022123894,0.053097345,0.07079646,0.10619469
2019/10/6,235,11,16,24,29,31,,0.046808511,0.068085106,0.10212766,0.123404255
2019/10/7,218,20,32,39,51,57,,0.091743119,0.146788991,0.178899083,0.233944954
2019/10/8,304,16,24,27,35,42,,0.052631579,0.078947368,0.088815789,0.115131579
2019/10/9,317,40,99,126,196,205,,0.126182965,0.312302839,0.397476341,0.61829653
2019/10/10,327,47,120,158,222,227,,0.143730887,0.366972477,0.483180428,0.678899083
2019/10/11,344,47,111,148,196,215,,0.136627907,0.322674419,0.430232558,0.569767442
2019/10/12,363,12,37,56,75,86,,0.033057851,0.101928375,0.154269972,0.20661157
2019/10/13,224,24,53,71,97,106,,0.107142857,0.236607143,0.316964286,0.433035714
2019/10/14,321,26,58,68,92,106,,0.080996885,0.180685358,0.211838006,0.286604361
2019/10/15,338,48,124,174,228,239,,0.142011834,0.366863905,0.514792899,0.674556213
2019/10/16,343,52,123,160,200,211,,0.151603499,0.358600583,0.466472303,0.583090379
2019/10/17,333,44,89,125,157,177,,0.132132132,0.267267267,0.375375375,0.471471471
2019/10/18,392,42,95,120,154,173,,0.107142857,0.242346939,0.306122449,0.392857143
2019/10/19,247,22,52,73,85,93,,0.089068826,0.210526316,0.295546559,0.344129555
2019/10/20,188,45,84,113,131,137,,0.239361702,0.446808511,0.60106383,0.696808511
2019/10/21,318,76,144,192,246,261,,0.238993711,0.452830189,0.603773585,0.773584906
2019/10/22,313,77,144,200,246,267,,0.24600639,0.460063898,0.638977636,0.785942492
2019/10/23,332,66,155,219,254,267,,0.198795181,0.46686747,0.659638554,0.765060241
2019/10/24,358,79,154,224,286,309,,0.220670391,0.430167598,0.625698324,0.798882682
2019/10/25,360,84,162,213,256,280,,0.233333333,0.45,0.591666667,0.711111111
2019/10/26,213,51,91,135,165,179,,0.23943662,0.427230047,0.633802817,0.774647887
2019/10/29,270,72,132,166,209,227,,0.266666667,0.488888889,0.614814815,0.774074074
2019/10/30,237,75,130,158,192,203,,0.316455696,0.548523207,0.666666667,0.810126582
2019/10/31,307,90,142,180,237,260,,0.293159609,0.462540717,0.586319218,0.771986971
2019/11/1,337,80,154,214,267,293,,0.237388724,0.456973294,0.635014837,0.792284866
2019/11/2,190,48,94,122,151,163,,0.252631579,0.494736842,0.642105263,0.794736842
2019/11/3,130,32,68,77,100,109,,0.246153846,0.523076923,0.592307692,0.769230769
2019/11/4,252,63,111,162,197,220,,0.25,0.44047619,0.642857143,0.781746032
2019/11/5,231,55,107,145,179,203,,0.238095238,0.463203463,0.627705628,0.774891775
2019/11/6,233,46,69,96,123,139,,0.197424893,0.296137339,0.412017167,0.527896996
2019/11/7,265,57,93,114,148,166,,0.21509434,0.350943396,0.430188679,0.558490566
2019/11/8,309,39,87,117,137,151,,0.126213592,0.281553398,0.378640777,0.443365696
2019/11/9,212,29,51,68,84,90,,0.136792453,0.240566038,0.320754717,0.396226415
2019/11/10,155,13,20,21,32,34,,0.083870968,0.129032258,0.135483871,0.206451613
2019/11/11,250,26,49,66,89,95,,0.104,0.196,0.264,0.356
2019/11/12,319,48,88,117,141,149,,0.150470219,0.275862069,0.36677116,0.44200627
2019/11/13,346,77,148,198,266,284,,0.222543353,0.427745665,0.572254335,0.768786127
2019/11/14,309,39,104,128,178,194,,0.126213592,0.336569579,0.414239482,0.57605178
2019/11/15,338,51,131,161,197,207,,0.150887574,0.387573964,0.476331361,0.582840237
2019/11/16,198,34,79,97,135,147,,0.171717172,0.398989899,0.48989899,0.681818182
2019/11/17,180,31,59,86,114,120,,0.172222222,0.327777778,0.477777778,0.633333333
2019/11/18,286,34,83,117,154,166,,0.118881119,0.29020979,0.409090909,0.538461538
2019/11/19,284,35,82,107,136,147,,0.123239437,0.288732394,0.376760563,0.478873239
2019/11/20,265,37,87,107,130,144,,0.139622642,0.328301887,0.403773585,0.490566038
2019/11/21,297,37,87,114,143,159,,0.124579125,0.292929293,0.383838384,0.481481481
2019/11/22,333,38,75,98,121,130,,0.114114114,0.225225225,0.294294294,0.363363363
2019/11/23,176,37,82,110,146,158,,0.210227273,0.465909091,0.625,0.829545455
,,,,,,,,,,,
,,,,,,,,,,,
bgru 61,,,,,,,,,,,
,,,,,,,,,,,
,,,,,,,,,,,
2019/9/2,117,23,51,79,88,92,,0.196581197,0.435897436,0.675213675,0.752136752
2019/9/3,216,38,104,142,161,166,,0.175925926,0.481481481,0.657407407,0.74537037
2019/9/4,280,68,108,112,129,132,,0.242857143,0.385714286,0.4,0.460714286
2019/9/5,292,74,148,173,198,205,,0.253424658,0.506849315,0.592465753,0.678082192
2019/9/6,362,70,115,143,171,189,,0.193370166,0.317679558,0.395027624,0.472375691
2019/9/7,253,59,103,128,165,173,,0.233201581,0.407114625,0.505928854,0.652173913
2019/9/8,187,32,39,42,47,51,,0.171122995,0.20855615,0.22459893,0.251336898
2019/9/9,311,33,53,58,71,75,,0.106109325,0.170418006,0.186495177,0.22829582
2019/9/10,274,50,101,129,163,174,,0.182481752,0.368613139,0.47080292,0.594890511
2019/9/11,305,60,114,160,204,209,,0.196721311,0.373770492,0.524590164,0.668852459
2019/9/12,397,69,146,195,234,255,,0.173803526,0.367758186,0.491183879,0.589420655
2019/9/13,197,30,47,61,71,74,,0.152284264,0.23857868,0.30964467,0.360406091
2019/9/14,206,12,24,28,29,32,,0.058252427,0.116504854,0.13592233,0.140776699
2019/9/15,191,9,17,19,26,33,,0.047120419,0.089005236,0.09947644,0.136125654
2019/9/16,300,15,30,41,59,63,,0.05,0.1,0.136666667,0.196666667
2019/9/17,307,38,86,102,130,145,,0.123778502,0.280130293,0.332247557,0.423452769
2019/9/18,338,26,55,72,88,96,,0.076923077,0.162721893,0.213017751,0.26035503
2019/9/19,365,26,57,63,89,100,,0.071232877,0.156164384,0.17260274,0.243835616
2019/9/20,392,53,111,132,162,172,,0.135204082,0.283163265,0.336734694,0.413265306
2019/9/21,228,13,28,33,39,43,,0.057017544,0.122807018,0.144736842,0.171052632
2019/9/22,204,7,16,17,22,31,,0.034313725,0.078431373,0.083333333,0.107843137
2019/9/23,313,8,12,17,29,32,,0.025559105,0.038338658,0.054313099,0.092651757
2019/9/24,318,9,19,23,27,31,,0.028301887,0.059748428,0.072327044,0.08490566
2019/9/25,310,8,19,22,30,36,,0.025806452,0.061290323,0.070967742,0.096774194
2019/9/26,331,9,15,19,26,36,,0.027190332,0.045317221,0.057401813,0.078549849
2019/9/27,391,18,29,37,57,64,,0.046035806,0.074168798,0.094629156,0.145780051
2019/9/28,216,7,12,16,22,28,,0.032407407,0.055555556,0.074074074,0.101851852
2019/9/29,325,22,53,66,93,98,,0.067692308,0.163076923,0.203076923,0.286153846
2019/9/30,433,81,159,208,292,323,,0.187066975,0.367205543,0.480369515,0.674364896
2019/10/1,254,44,82,111,158,176,,0.173228346,0.322834646,0.437007874,0.622047244
2019/10/2,247,40,95,126,177,195,,0.16194332,0.384615385,0.510121457,0.71659919
2019/10/3,235,38,96,135,181,202,,0.161702128,0.408510638,0.574468085,0.770212766
2019/10/4,288,58,126,162,221,248,,0.201388889,0.4375,0.5625,0.767361111
2019/10/5,226,25,61,92,123,136,,0.110619469,0.269911504,0.407079646,0.544247788
2019/10/6,235,29,60,83,118,129,,0.123404255,0.255319149,0.353191489,0.50212766
2019/10/7,218,11,23,37,52,63,,0.050458716,0.105504587,0.169724771,0.23853211
2019/10/8,304,35,123,163,230,245,,0.115131579,0.404605263,0.536184211,0.756578947
2019/10/9,317,46,128,159,252,276,,0.14511041,0.403785489,0.501577287,0.794952681
2019/10/10,327,55,142,183,270,288,,0.168195719,0.434250765,0.559633028,0.825688073
2019/10/11,344,42,115,151,207,228,,0.122093023,0.334302326,0.438953488,0.601744186
2019/10/12,363,28,67,89,128,150,,0.077134986,0.184573003,0.245179063,0.35261708
2019/10/13,224,43,86,117,150,162,,0.191964286,0.383928571,0.522321429,0.669642857
2019/10/14,321,58,127,162,218,241,,0.180685358,0.395638629,0.504672897,0.679127726
2019/10/15,338,44,118,171,226,238,,0.130177515,0.349112426,0.50591716,0.668639053
2019/10/16,343,59,123,159,194,205,,0.172011662,0.358600583,0.463556851,0.565597668
2019/10/17,333,42,109,162,203,222,,0.126126126,0.327327327,0.486486486,0.60960961
2019/10/18,392,71,144,185,233,250,,0.181122449,0.367346939,0.471938776,0.594387755
2019/10/19,247,45,99,126,148,158,,0.182186235,0.400809717,0.510121457,0.599190283
2019/10/20,188,15,34,49,61,64,,0.079787234,0.180851064,0.260638298,0.324468085
2019/10/21,318,50,90,122,160,172,,0.157232704,0.283018868,0.383647799,0.503144654
2019/10/22,313,59,93,122,147,162,,0.188498403,0.297124601,0.389776358,0.469648562
2019/10/23,332,53,117,150,180,192,,0.159638554,0.352409639,0.451807229,0.542168675
2019/10/24,358,71,122,170,212,228,,0.198324022,0.340782123,0.474860335,0.592178771
2019/10/25,360,85,163,221,260,289,,0.236111111,0.452777778,0.613888889,0.722222222
2019/10/26,213,40,76,106,125,137,,0.187793427,0.356807512,0.497652582,0.58685446
2019/10/29,270,62,99,121,147,159,,0.22962963,0.366666667,0.448148148,0.544444444
2019/10/30,237,65,114,139,172,181,,0.274261603,0.481012658,0.58649789,0.725738397
2019/10/31,307,74,116,143,177,199,,0.241042345,0.377850163,0.465798046,0.576547231
2019/11/1,337,76,142,188,225,244,,0.225519288,0.421364985,0.557863501,0.667655786
2019/11/2,190,44,81,100,123,133,,0.231578947,0.426315789,0.526315789,0.647368421
2019/11/3,130,26,51,62,82,88,,0.2,0.392307692,0.476923077,0.630769231
2019/11/4,252,48,88,124,147,161,,0.19047619,0.349206349,0.492063492,0.583333333
2019/11/5,231,50,92,132,156,176,,0.216450216,0.398268398,0.571428571,0.675324675
2019/11/6,233,69,116,152,189,206,,0.296137339,0.497854077,0.652360515,0.811158798
2019/11/7,265,66,124,173,209,227,,0.249056604,0.467924528,0.652830189,0.788679245
2019/11/8,309,80,161,211,244,272,,0.258899676,0.521035599,0.682847896,0.789644013
2019/11/9,212,60,108,143,179,194,,0.283018868,0.509433962,0.674528302,0.844339623
2019/11/10,155,42,82,114,133,141,,0.270967742,0.529032258,0.735483871,0.858064516
2019/11/11,250,54,117,156,203,222,,0.216,0.468,0.624,0.812
2019/11/12,319,74,156,206,261,280,,0.231974922,0.489028213,0.645768025,0.818181818
2019/11/13,346,83,163,213,285,303,,0.239884393,0.471098266,0.615606936,0.823699422
2019/11/14,309,48,136,181,244,263,,0.155339806,0.44012945,0.585760518,0.789644013
2019/11/15,338,61,177,216,283,296,,0.180473373,0.523668639,0.639053254,0.837278107
2019/11/16,198,39,91,113,156,168,,0.196969697,0.45959596,0.570707071,0.787878788
2019/11/17,180,44,81,115,152,160,,0.244444444,0.45,0.638888889,0.844444444
2019/11/18,286,52,126,176,229,249,,0.181818182,0.440559441,0.615384615,0.800699301
2019/11/19,284,44,127,170,236,252,,0.154929577,0.447183099,0.598591549,0.830985915
2019/11/20,265,50,124,165,211,224,,0.188679245,0.467924528,0.622641509,0.796226415
2019/11/21,297,48,137,183,239,254,,0.161616162,0.461279461,0.616161616,0.804713805
2019/11/22,333,54,144,195,271,284,,0.162162162,0.432432432,0.585585586,0.813813814
2019/11/23,176,38,84,112,149,161,,0.215909091,0.477272727,0.636363636,0.846590909
,,,,,,,,,,,
,,,,,,,,,,,
bgru 63,,,,,,,,,,,
,,,,,,,,,,,
2019/9/2,117,21,62,77,81,83,,0.179487179,0.52991453,0.658119658,0.692307692
2019/9/3,216,52,114,143,162,171,,0.240740741,0.527777778,0.662037037,0.75
2019/9/4,280,58,165,198,219,225,,0.207142857,0.589285714,0.707142857,0.782142857
2019/9/5,292,54,155,204,229,235,,0.184931507,0.530821918,0.698630137,0.784246575
2019/9/6,362,87,182,217,287,303,,0.240331492,0.502762431,0.599447514,0.79281768
2019/9/7,253,59,114,156,202,212,,0.233201581,0.450592885,0.616600791,0.798418972
2019/9/8,187,40,90,114,143,145,,0.213903743,0.481283422,0.609625668,0.764705882
2019/9/9,311,60,131,180,237,250,,0.192926045,0.421221865,0.578778135,0.762057878
2019/9/10,274,54,113,151,201,216,,0.197080292,0.412408759,0.551094891,0.733576642
2019/9/11,305,76,149,202,253,261,,0.249180328,0.48852459,0.662295082,0.829508197
2019/9/12,397,71,166,225,293,315,,0.17884131,0.41813602,0.56675063,0.738035264
2019/9/13,197,48,90,118,145,158,,0.243654822,0.456852792,0.598984772,0.736040609
2019/9/14,206,39,82,112,152,163,,0.189320388,0.398058252,0.54368932,0.737864078
2019/9/15,191,34,72,100,130,143,,0.178010471,0.376963351,0.523560209,0.680628272
2019/9/16,300,73,123,146,190,194,,0.243333333,0.41,0.486666667,0.633333333
2019/9/17,307,61,142,169,207,219,,0.198697068,0.462540717,0.550488599,0.674267101
2019/9/18,338,60,158,188,235,251,,0.177514793,0.467455621,0.556213018,0.695266272
2019/9/19,365,77,170,205,260,269,,0.210958904,0.465753425,0.561643836,0.712328767
2019/9/20,392,86,170,209,250,263,,0.219387755,0.433673469,0.533163265,0.637755102
2019/9/21,228,41,80,112,137,146,,0.179824561,0.350877193,0.49122807,0.600877193
2019/9/22,204,40,77,100,131,147,,0.196078431,0.37745098,0.490196078,0.642156863
2019/9/23,313,67,116,142,193,206,,0.214057508,0.370607029,0.453674121,0.616613419
2019/9/24,318,51,107,149,206,222,,0.160377358,0.336477987,0.468553459,0.647798742
2019/9/25,310,46,106,132,169,186,,0.148387097,0.341935484,0.425806452,0.54516129
2019/9/26,331,61,123,152,204,228,,0.18429003,0.371601208,0.459214502,0.616314199
2019/9/27,391,73,139,177,251,281,,0.186700767,0.355498721,0.452685422,0.641943734
2019/9/28,216,41,73,89,124,149,,0.189814815,0.337962963,0.412037037,0.574074074
2019/9/29,325,51,108,131,181,199,,0.156923077,0.332307692,0.403076923,0.556923077
2019/9/30,433,59,110,131,182,202,,0.136258661,0.25404157,0.302540416,0.420323326
2019/10/1,254,44,78,92,112,130,,0.173228346,0.307086614,0.362204724,0.440944882
2019/10/2,247,44,99,130,173,188,,0.178137652,0.400809717,0.526315789,0.700404858
2019/10/3,235,36,75,106,139,157,,0.153191489,0.319148936,0.45106383,0.591489362
2019/10/4,288,45,91,125,179,196,,0.15625,0.315972222,0.434027778,0.621527778
2019/10/5,226,25,48,63,91,106,,0.110619469,0.212389381,0.278761062,0.402654867
2019/10/6,235,21,40,54,86,102,,0.089361702,0.170212766,0.229787234,0.365957447
2019/10/7,218,24,47,68,89,99,,0.110091743,0.21559633,0.311926606,0.408256881
2019/10/8,304,21,64,80,130,145,,0.069078947,0.210526316,0.263157895,0.427631579
2019/10/9,317,26,59,73,122,132,,0.082018927,0.186119874,0.230283912,0.384858044
2019/10/10,327,34,79,100,151,165,,0.103975535,0.241590214,0.305810398,0.4617737
2019/10/11,344,49,96,117,179,196,,0.14244186,0.279069767,0.340116279,0.520348837
2019/10/12,363,29,94,118,167,193,,0.079889807,0.258953168,0.325068871,0.460055096
2019/10/13,224,32,74,93,114,125,,0.142857143,0.330357143,0.415178571,0.508928571
2019/10/14,321,32,83,105,141,159,,0.099688474,0.258566978,0.327102804,0.439252336
2019/10/15,338,39,102,131,170,190,,0.115384615,0.301775148,0.387573964,0.50295858
2019/10/16,343,57,141,175,221,236,,0.166180758,0.411078717,0.510204082,0.644314869
2019/10/17,333,52,117,155,195,216,,0.156156156,0.351351351,0.465465465,0.585585586
2019/10/18,392,75,145,171,225,248,,0.191326531,0.369897959,0.43622449,0.573979592
2019/10/19,247,45,87,115,145,154,,0.182186235,0.352226721,0.465587045,0.587044534
2019/10/20,188,42,73,98,110,112,,0.223404255,0.388297872,0.521276596,0.585106383
2019/10/21,318,63,130,152,188,201,,0.198113208,0.408805031,0.477987421,0.591194969
2019/10/22,313,41,91,117,162,185,,0.130990415,0.290734824,0.373801917,0.517571885
2019/10/23,332,44,114,163,202,220,,0.13253012,0.343373494,0.490963855,0.608433735
2019/10/24,358,48,111,157,207,236,,0.134078212,0.310055866,0.438547486,0.578212291
2019/10/25,360,56,124,164,208,228,,0.155555556,0.344444444,0.455555556,0.577777778
2019/10/26,213,37,77,100,122,133,,0.17370892,0.361502347,0.469483568,0.572769953
2019/10/29,270,36,73,101,137,157,,0.133333333,0.27037037,0.374074074,0.507407407
2019/10/30,237,39,75,91,115,125,,0.164556962,0.316455696,0.383966245,0.485232068
2019/10/31,307,59,101,127,163,177,,0.19218241,0.328990228,0.413680782,0.530944625
2019/11/1,337,68,128,174,218,244,,0.201780415,0.379821958,0.516320475,0.646884273
2019/11/2,190,40,84,100,122,132,,0.210526316,0.442105263,0.526315789,0.642105263
2019/11/3,130,26,60,68,87,95,,0.2,0.461538462,0.523076923,0.669230769
2019/11/4,252,48,95,130,155,175,,0.19047619,0.376984127,0.515873016,0.615079365
2019/11/5,231,32,59,86,105,125,,0.138528139,0.255411255,0.372294372,0.454545455
2019/11/6,233,36,54,71,86,99,,0.154506438,0.231759657,0.30472103,0.369098712
2019/11/7,265,46,93,134,163,186,,0.173584906,0.350943396,0.505660377,0.61509434
2019/11/8,309,36,66,83,111,141,,0.116504854,0.213592233,0.268608414,0.359223301
2019/11/9,212,44,76,95,121,135,,0.20754717,0.358490566,0.448113208,0.570754717
2019/11/10,155,36,71,83,96,108,,0.232258065,0.458064516,0.535483871,0.619354839
2019/11/11,250,47,95,113,150,174,,0.188,0.38,0.452,0.6
2019/11/12,319,47,102,129,160,181,,0.147335423,0.319749216,0.404388715,0.501567398
2019/11/13,346,60,120,147,193,201,,0.173410405,0.346820809,0.424855491,0.557803468
2019/11/14,309,49,134,175,214,231,,0.158576052,0.433656958,0.566343042,0.692556634
2019/11/15,338,55,118,139,166,174,,0.162721893,0.349112426,0.411242604,0.49112426
2019/11/16,198,28,52,61,83,95,,0.141414141,0.262626263,0.308080808,0.419191919
2019/11/17,180,35,63,79,92,98,,0.194444444,0.35,0.438888889,0.511111111
2019/11/18,286,36,83,103,131,139,,0.125874126,0.29020979,0.36013986,0.458041958
2019/11/19,284,34,87,113,135,143,,0.11971831,0.306338028,0.397887324,0.475352113
2019/11/20,265,44,108,130,157,164,,0.166037736,0.40754717,0.490566038,0.59245283
2019/11/21,297,48,112,143,171,188,,0.161616162,0.377104377,0.481481481,0.575757576
2019/11/22,333,52,139,190,265,276,,0.156156156,0.417417417,0.570570571,0.795795796
2019/11/23,176,38,74,100,133,140,,0.215909091,0.420454545,0.568181818,0.755681818
,,,,,,,,,,,
,,,,,,,,,,,
,,,,,,,,,,,
din 60,,,,,,,,,,,
,,,,,,,,,,,
2019/9/2,117,16,24,39,48,52,,0.136752137,0.205128205,0.333333333,0.41025641
2019/9/3,216,41,80,103,121,131,,0.189814815,0.37037037,0.476851852,0.560185185
2019/9/4,280,72,136,169,184,191,,0.257142857,0.485714286,0.603571429,0.657142857
2019/9/5,292,62,156,205,239,245,,0.212328767,0.534246575,0.702054795,0.818493151
2019/9/6,362,69,139,176,238,253,,0.190607735,0.383977901,0.486187845,0.657458564
2019/9/7,253,55,82,102,120,130,,0.217391304,0.324110672,0.403162055,0.4743083
2019/9/8,187,21,31,34,44,46,,0.112299465,0.165775401,0.181818182,0.235294118
2019/9/9,311,50,103,131,157,165,,0.160771704,0.331189711,0.421221865,0.504823151
2019/9/10,274,54,105,134,171,182,,0.197080292,0.383211679,0.489051095,0.624087591
2019/9/11,305,60,107,147,189,203,,0.196721311,0.350819672,0.481967213,0.619672131
2019/9/12,397,45,92,120,148,163,,0.113350126,0.231738035,0.302267003,0.37279597
2019/9/13,197,26,47,63,77,84,,0.131979695,0.23857868,0.319796954,0.390862944
2019/9/14,206,13,29,40,49,56,,0.063106796,0.140776699,0.194174757,0.237864078
2019/9/15,191,23,70,103,125,134,,0.120418848,0.366492147,0.539267016,0.654450262
2019/9/16,300,67,155,197,254,262,,0.223333333,0.516666667,0.656666667,0.846666667
2019/9/17,307,66,164,202,238,252,,0.214983713,0.534201954,0.657980456,0.7752443
2019/9/18,338,60,182,230,277,298,,0.177514793,0.538461538,0.680473373,0.819526627
2019/9/19,365,88,207,249,314,329,,0.24109589,0.567123288,0.682191781,0.860273973
2019/9/20,392,40,90,112,134,141,,0.102040816,0.229591837,0.285714286,0.341836735
2019/9/21,228,38,80,108,142,152,,0.166666667,0.350877193,0.473684211,0.622807018
2019/9/22,204,5,11,15,16,20,,0.024509804,0.053921569,0.073529412,0.078431373
2019/9/23,313,45,81,97,128,141,,0.143769968,0.258785942,0.309904153,0.408945687
2019/9/24,318,8,26,37,54,61,,0.025157233,0.081761006,0.116352201,0.169811321
2019/9/25,310,40,81,98,137,150,,0.129032258,0.261290323,0.316129032,0.441935484
2019/9/26,331,52,111,148,205,220,,0.157099698,0.335347432,0.447129909,0.619335347
2019/9/27,391,62,119,157,235,255,,0.158567775,0.304347826,0.401534527,0.601023018
2019/9/28,216,30,48,70,93,105,,0.138888889,0.222222222,0.324074074,0.430555556
2019/9/29,325,28,67,85,118,128,,0.086153846,0.206153846,0.261538462,0.363076923
2019/9/30,433,66,149,191,269,290,,0.152424942,0.344110855,0.441108545,0.621247113
2019/10/1,254,55,101,131,190,204,,0.216535433,0.397637795,0.515748031,0.748031496
2019/10/2,247,43,98,134,187,209,,0.174089069,0.396761134,0.542510121,0.75708502
2019/10/3,235,21,56,81,107,117,,0.089361702,0.238297872,0.344680851,0.455319149
2019/10/4,288,55,123,155,201,222,,0.190972222,0.427083333,0.538194444,0.697916667
2019/10/5,226,23,52,79,107,119,,0.101769912,0.230088496,0.349557522,0.473451327
2019/10/6,235,41,85,114,163,173,,0.174468085,0.361702128,0.485106383,0.693617021
2019/10/7,218,40,89,121,161,175,,0.183486239,0.408256881,0.555045872,0.73853211
2019/10/8,304,36,115,152,223,235,,0.118421053,0.378289474,0.5,0.733552632
2019/10/9,317,36,92,115,149,162,,0.113564669,0.29022082,0.362776025,0.470031546
2019/10/10,327,50,113,140,203,216,,0.152905199,0.345565749,0.428134557,0.620795107
2019/10/11,344,54,119,154,201,223,,0.156976744,0.345930233,0.447674419,0.584302326
2019/10/12,363,41,114,153,213,229,,0.112947658,0.314049587,0.421487603,0.58677686
2019/10/13,224,44,92,127,158,163,,0.196428571,0.410714286,0.566964286,0.705357143
2019/10/14,321,20,37,45,52,59,,0.062305296,0.115264798,0.140186916,0.161993769
2019/10/15,338,47,142,199,273,284,,0.139053254,0.420118343,0.588757396,0.807692308
2019/10/16,343,63,165,205,258,273,,0.183673469,0.481049563,0.597667638,0.752186589
2019/10/17,333,66,146,206,259,286,,0.198198198,0.438438438,0.618618619,0.777777778
2019/10/18,392,90,182,240,306,329,,0.229591837,0.464285714,0.612244898,0.780612245
2019/10/19,247,67,123,165,195,207,,0.271255061,0.497975709,0.668016194,0.789473684
2019/10/20,188,34,64,89,99,105,,0.180851064,0.340425532,0.473404255,0.526595745
2019/10/21,318,70,132,177,228,245,,0.220125786,0.41509434,0.556603774,0.716981132
2019/10/22,313,75,133,174,217,237,,0.239616613,0.424920128,0.555910543,0.693290735
2019/10/23,332,65,143,185,216,227,,0.195783133,0.430722892,0.557228916,0.65060241
2019/10/24,358,74,146,215,270,297,,0.206703911,0.407821229,0.600558659,0.754189944
2019/10/25,360,86,165,222,261,286,,0.238888889,0.458333333,0.616666667,0.725
2019/10/26,213,50,98,142,175,189,,0.234741784,0.460093897,0.666666667,0.821596244
2019/10/29,270,70,126,160,200,219,,0.259259259,0.466666667,0.592592593,0.740740741
2019/10/30,237,71,123,150,186,197,,0.299578059,0.518987342,0.632911392,0.784810127
2019/10/31,307,91,137,175,230,254,,0.296416938,0.446254072,0.570032573,0.749185668
2019/11/1,337,77,141,202,250,276,,0.228486647,0.418397626,0.599406528,0.741839763
2019/11/2,190,48,93,120,149,161,,0.252631579,0.489473684,0.631578947,0.784210526
2019/11/3,130,32,58,68,89,95,,0.246153846,0.446153846,0.523076923,0.684615385
2019/11/4,252,60,106,151,184,207,,0.238095238,0.420634921,0.599206349,0.73015873
2019/11/5,231,54,104,141,172,198,,0.233766234,0.45021645,0.61038961,0.744588745
2019/11/6,233,50,88,112,142,160,,0.214592275,0.377682403,0.480686695,0.60944206
2019/11/7,265,51,99,135,164,180,,0.19245283,0.373584906,0.509433962,0.618867925
2019/11/8,309,64,130,169,195,216,,0.207119741,0.420711974,0.546925566,0.631067961
2019/11/9,212,55,99,128,159,173,,0.259433962,0.466981132,0.603773585,0.75
2019/11/10,155,27,51,77,86,90,,0.174193548,0.329032258,0.496774194,0.55483871
2019/11/11,250,46,90,125,160,178,,0.184,0.36,0.5,0.64
2019/11/12,319,63,135,180,228,241,,0.197492163,0.423197492,0.564263323,0.714733542
2019/11/13,346,81,161,211,282,300,,0.234104046,0.465317919,0.60982659,0.815028902
2019/11/14,309,49,137,182,245,264,,0.158576052,0.443365696,0.588996764,0.792880259
2019/11/15,338,52,141,171,222,234,,0.153846154,0.417159763,0.50591716,0.656804734
2019/11/16,198,35,81,98,130,137,,0.176767677,0.409090909,0.494949495,0.656565657
2019/11/17,180,36,69,101,139,145,,0.2,0.383333333,0.561111111,0.772222222
2019/11/18,286,42,103,142,187,202,,0.146853147,0.36013986,0.496503497,0.653846154
2019/11/19,284,43,98,131,173,186,,0.151408451,0.345070423,0.461267606,0.60915493
2019/11/20,265,30,78,101,135,142,,0.113207547,0.294339623,0.381132075,0.509433962
2019/11/21,297,42,115,158,210,225,,0.141414141,0.387205387,0.531986532,0.707070707
2019/11/22,333,44,124,168,228,241,,0.132132132,0.372372372,0.504504505,0.684684685
2019/11/23,176,38,84,112,149,161,,0.215909091,0.477272727,0.636363636,0.846590909
,,,,,,,,,,,
,,,,,,,,,,,
,,,,,,,,,,,
din 61,,,,,,,,,,,
,,,,,,,,,,,
2019/9/2,117,25,32,54,68,70,,0.213675214,0.273504274,0.461538462,0.581196581
2019/9/3,216,48,105,133,152,167,,0.222222222,0.486111111,0.615740741,0.703703704
2019/9/4,280,96,158,180,199,214,,0.342857143,0.564285714,0.642857143,0.710714286
2019/9/5,292,70,162,212,246,258,,0.239726027,0.554794521,0.726027397,0.842465753
2019/9/6,362,88,178,228,300,311,,0.243093923,0.491712707,0.629834254,0.828729282
2019/9/7,253,57,101,137,180,187,,0.225296443,0.399209486,0.541501976,0.711462451
2019/9/8,187,36,59,67,81,83,,0.192513369,0.315508021,0.35828877,0.43315508
2019/9/9,311,57,116,142,167,172,,0.183279743,0.372990354,0.45659164,0.536977492
2019/9/10,274,40,81,106,136,147,,0.145985401,0.295620438,0.386861314,0.496350365
2019/9/11,305,51,102,125,136,139,,0.167213115,0.33442623,0.409836066,0.445901639
2019/9/12,397,41,84,108,123,133,,0.103274559,0.211586902,0.272040302,0.309823678
2019/9/13,197,11,18,24,33,35,,0.055837563,0.091370558,0.121827411,0.16751269
2019/9/14,206,7,14,21,25,28,,0.033980583,0.067961165,0.101941748,0.121359223
2019/9/15,191,6,18,23,30,35,,0.031413613,0.094240838,0.120418848,0.157068063
2019/9/16,300,33,82,111,131,136,,0.11,0.273333333,0.37,0.436666667
2019/9/17,307,67,170,212,255,269,,0.218241042,0.553745928,0.690553746,0.830618893
2019/9/18,338,12,49,65,80,92,,0.035502959,0.144970414,0.192307692,0.236686391
2019/9/19,365,82,200,240,298,309,,0.224657534,0.547945205,0.657534247,0.816438356
2019/9/20,392,4,18,27,44,54,,0.010204082,0.045918367,0.068877551,0.112244898
2019/9/21,228,26,55,67,87,91,,0.114035088,0.24122807,0.293859649,0.381578947
2019/9/22,204,3,9,10,18,23,,0.014705882,0.044117647,0.049019608,0.088235294
2019/9/23,313,51,90,103,140,153,,0.162939297,0.287539936,0.329073482,0.447284345
2019/9/24,318,21,30,46,67,69,,0.066037736,0.094339623,0.144654088,0.210691824
2019/9/25,310,52,114,138,212,226,,0.167741935,0.367741935,0.44516129,0.683870968
2019/9/26,331,59,116,151,208,218,,0.178247734,0.350453172,0.456193353,0.628398792
2019/9/27,391,84,159,209,312,337,,0.21483376,0.406649616,0.534526854,0.797953964
2019/9/28,216,57,91,116,161,180,,0.263888889,0.421296296,0.537037037,0.74537037
2019/9/29,325,72,157,201,266,289,,0.221538462,0.483076923,0.618461538,0.818461538
2019/9/30,433,74,154,195,273,286,,0.170900693,0.355658199,0.45034642,0.630484988
2019/10/1,254,56,103,140,202,220,,0.220472441,0.405511811,0.551181102,0.795275591
2019/10/2,247,47,108,145,203,226,,0.190283401,0.437246964,0.587044534,0.821862348
2019/10/3,235,38,97,136,186,207,,0.161702128,0.412765957,0.578723404,0.791489362
2019/10/4,288,61,133,170,231,257,,0.211805556,0.461805556,0.590277778,0.802083333
2019/10/5,226,35,85,123,174,184,,0.154867257,0.376106195,0.544247788,0.769911504
2019/10/6,235,42,89,116,168,177,,0.178723404,0.378723404,0.493617021,0.714893617
2019/10/7,218,37,85,111,154,170,,0.169724771,0.389908257,0.509174312,0.706422018
2019/10/8,304,39,126,170,245,263,,0.128289474,0.414473684,0.559210526,0.805921053
2019/10/9,317,45,127,156,249,272,,0.141955836,0.400630915,0.492113565,0.785488959
2019/10/10,327,54,138,178,264,281,,0.165137615,0.422018349,0.544342508,0.80733945
2019/10/11,344,58,141,181,254,273,,0.168604651,0.409883721,0.526162791,0.738372093
2019/10/12,363,22,70,91,133,146,,0.060606061,0.192837466,0.250688705,0.366391185
2019/10/13,224,31,59,79,108,114,,0.138392857,0.263392857,0.352678571,0.482142857
2019/10/14,321,39,59,71,89,97,,0.121495327,0.183800623,0.221183801,0.277258567
2019/10/15,338,48,140,203,279,296,,0.142011834,0.414201183,0.600591716,0.825443787
2019/10/16,343,55,126,152,189,206,,0.160349854,0.367346939,0.443148688,0.551020408
2019/10/17,333,59,148,210,262,290,,0.177177177,0.444444444,0.630630631,0.786786787
2019/10/18,392,95,193,252,318,343,,0.242346939,0.492346939,0.642857143,0.81122449
2019/10/19,247,55,106,138,164,173,,0.222672065,0.429149798,0.558704453,0.663967611
2019/10/20,188,42,74,102,112,117,,0.223404255,0.393617021,0.542553191,0.595744681
2019/10/21,318,68,128,171,221,230,,0.213836478,0.402515723,0.537735849,0.694968553
2019/10/22,313,74,137,190,236,259,,0.236421725,0.437699681,0.607028754,0.75399361
2019/10/23,332,62,132,184,216,231,,0.186746988,0.397590361,0.554216867,0.65060241
2019/10/24,358,83,157,231,294,322,,0.231843575,0.438547486,0.645251397,0.82122905
2019/10/25,360,49,101,133,156,170,,0.136111111,0.280555556,0.369444444,0.433333333
2019/10/26,213,37,76,107,137,148,,0.17370892,0.356807512,0.502347418,0.643192488
2019/10/29,270,63,112,145,183,195,,0.233333333,0.414814815,0.537037037,0.677777778
2019/10/30,237,73,129,157,191,202,,0.308016878,0.544303797,0.662447257,0.805907173
2019/10/31,307,90,142,180,236,260,,0.293159609,0.462540717,0.586319218,0.768729642
2019/11/1,337,80,153,213,264,292,,0.237388724,0.454005935,0.632047478,0.783382789
2019/11/2,190,42,71,90,115,123,,0.221052632,0.373684211,0.473684211,0.605263158
2019/11/3,130,11,17,20,25,28,,0.084615385,0.130769231,0.153846154,0.192307692
2019/11/4,252,39,58,85,104,118,,0.154761905,0.23015873,0.337301587,0.412698413
2019/11/5,231,19,40,58,76,87,,0.082251082,0.173160173,0.251082251,0.329004329
2019/11/6,233,51,80,104,127,138,,0.21888412,0.343347639,0.446351931,0.545064378
2019/11/7,265,65,123,172,208,226,,0.245283019,0.464150943,0.649056604,0.78490566
2019/11/8,309,56,115,154,176,195,,0.181229773,0.372168285,0.498381877,0.569579288
2019/11/9,212,46,85,108,133,147,,0.216981132,0.400943396,0.509433962,0.627358491
2019/11/10,155,39,75,107,123,131,,0.251612903,0.483870968,0.690322581,0.793548387
2019/11/11,250,51,110,146,190,208,,0.204,0.44,0.584,0.76
2019/11/12,319,12,33,40,51,62,,0.037617555,0.103448276,0.12539185,0.159874608
2019/11/13,346,85,157,203,260,277,,0.24566474,0.453757225,0.586705202,0.751445087
2019/11/14,309,50,138,182,245,264,,0.161812298,0.446601942,0.588996764,0.792880259
2019/11/15,338,60,173,214,280,293,,0.177514793,0.51183432,0.633136095,0.828402367
2019/11/16,198,10,17,21,29,35,,0.050505051,0.085858586,0.106060606,0.146464646
2019/11/17,180,42,79,112,148,156,,0.233333333,0.438888889,0.622222222,0.822222222
2019/11/18,286,51,124,174,223,242,,0.178321678,0.433566434,0.608391608,0.77972028
2019/11/19,284,44,127,170,235,251,,0.154929577,0.447183099,0.598591549,0.827464789
2019/11/20,265,47,121,155,196,213,,0.177358491,0.456603774,0.58490566,0.739622642
2019/11/21,297,51,137,184,238,254,,0.171717172,0.461279461,0.61952862,0.801346801
2019/11/22,333,29,64,81,100,103,,0.087087087,0.192192192,0.243243243,0.3003003
2019/11/23,176,38,84,112,149,161,,0.215909091,0.477272727,0.636363636,0.846590909
,,,,,,,,,,,
,,,,,,,,,,,
,,,,,,,,,,,
din 63,,,,,,,,,,,
,,,,,,,,,,,
2019/9/2,117,28,51,60,65,68,,0.239316239,0.435897436,0.512820513,0.555555556
2019/9/3,216,58,109,131,146,151,,0.268518519,0.50462963,0.606481481,0.675925926
2019/9/4,280,62,167,213,230,234,,0.221428571,0.596428571,0.760714286,0.821428571
2019/9/5,292,48,131,169,193,201,,0.164383562,0.448630137,0.578767123,0.660958904
2019/9/6,362,58,131,178,209,225,,0.160220994,0.361878453,0.491712707,0.577348066
2019/9/7,253,64,99,119,126,130,,0.252964427,0.391304348,0.470355731,0.498023715
2019/9/8,187,43,93,112,121,124,,0.229946524,0.497326203,0.598930481,0.647058824
2019/9/9,311,50,80,94,101,104,,0.160771704,0.257234727,0.302250804,0.324758842
2019/9/10,274,59,127,168,198,207,,0.215328467,0.46350365,0.613138686,0.722627737
2019/9/11,305,75,127,149,166,166,,0.245901639,0.416393443,0.48852459,0.544262295
2019/9/12,397,46,64,74,83,86,,0.115869018,0.161209068,0.186397985,0.20906801
2019/9/13,197,61,101,118,133,134,,0.30964467,0.512690355,0.598984772,0.675126904
2019/9/14,206,8,25,31,32,35,,0.038834951,0.121359223,0.150485437,0.155339806
2019/9/15,191,14,33,44,51,52,,0.073298429,0.172774869,0.230366492,0.267015707
2019/9/16,300,16,22,26,30,33,,0.053333333,0.073333333,0.086666667,0.1
2019/9/17,307,41,75,90,98,100,,0.133550489,0.244299674,0.293159609,0.319218241
2019/9/18,338,43,80,87,91,94,,0.127218935,0.236686391,0.25739645,0.269230769
2019/9/19,365,10,37,38,43,47,,0.02739726,0.101369863,0.104109589,0.117808219
2019/9/20,392,15,16,18,27,31,,0.038265306,0.040816327,0.045918367,0.068877551
2019/9/21,228,18,28,36,45,45,,0.078947368,0.122807018,0.157894737,0.197368421
2019/9/22,204,5,7,7,8,8,,0.024509804,0.034313725,0.034313725,0.039215686
2019/9/23,313,9,13,17,17,20,,0.028753994,0.041533546,0.054313099,0.054313099
2019/9/24,318,9,16,23,27,29,,0.028301887,0.050314465,0.072327044,0.08490566
2019/9/25,310,3,9,13,17,19,,0.009677419,0.029032258,0.041935484,0.05483871
2019/9/26,331,3,7,10,11,17,,0.009063444,0.021148036,0.03021148,0.033232628
2019/9/27,391,1,5,6,9,11,,0.002557545,0.012787724,0.015345269,0.023017903
2019/9/28,216,3,4,5,6,8,,0.013888889,0.018518519,0.023148148,0.027777778
2019/9/29,325,5,7,10,16,17,,0.015384615,0.021538462,0.030769231,0.049230769
2019/9/30,433,4,6,7,9,12,,0.009237875,0.013856813,0.016166282,0.020785219
2019/10/1,254,7,7,8,10,14,,0.027559055,0.027559055,0.031496063,0.039370079
2019/10/2,247,6,9,11,13,17,,0.024291498,0.036437247,0.044534413,0.052631579
2019/10/3,235,3,5,6,8,9,,0.012765957,0.021276596,0.025531915,0.034042553
2019/10/4,288,16,25,26,34,38,,0.055555556,0.086805556,0.090277778,0.118055556
2019/10/5,226,2,7,8,15,15,,0.008849558,0.030973451,0.03539823,0.066371681
2019/10/6,235,9,10,10,12,14,,0.038297872,0.042553191,0.042553191,0.05106383
2019/10/7,218,3,5,6,8,9,,0.013761468,0.02293578,0.027522936,0.036697248
2019/10/8,304,4,18,20,27,27,,0.013157895,0.059210526,0.065789474,0.088815789
2019/10/9,317,3,9,11,20,24,,0.009463722,0.028391167,0.034700315,0.063091483
2019/10/10,327,4,10,17,21,24,,0.012232416,0.03058104,0.051987768,0.064220183
2019/10/11,344,9,23,26,28,32,,0.026162791,0.066860465,0.075581395,0.081395349
2019/10/12,363,5,13,14,21,23,,0.013774105,0.035812672,0.038567493,0.05785124
2019/10/13,224,6,14,14,16,16,,0.026785714,0.0625,0.0625,0.071428571
2019/10/14,321,8,20,23,26,27,,0.024922118,0.062305296,0.07165109,0.080996885
2019/10/15,338,6,20,24,29,34,,0.017751479,0.059171598,0.071005917,0.085798817
2019/10/16,343,17,24,30,32,33,,0.049562682,0.069970845,0.087463557,0.093294461
2019/10/17,333,13,19,19,24,27,,0.039039039,0.057057057,0.057057057,0.072072072
2019/10/18,392,6,14,16,18,24,,0.015306122,0.035714286,0.040816327,0.045918367
2019/10/19,247,9,15,19,23,25,,0.036437247,0.060728745,0.076923077,0.093117409
2019/10/20,188,10,12,12,13,18,,0.053191489,0.063829787,0.063829787,0.069148936
2019/10/21,318,45,94,121,157,175,,0.141509434,0.295597484,0.380503145,0.493710692
2019/10/22,313,76,142,195,236,260,,0.242811502,0.453674121,0.623003195,0.75399361
2019/10/23,332,66,140,189,218,230,,0.198795181,0.421686747,0.569277108,0.656626506
2019/10/24,358,59,114,162,207,228,,0.164804469,0.318435754,0.452513966,0.578212291
2019/10/25,360,70,149,205,252,279,,0.194444444,0.413888889,0.569444444,0.7
2019/10/26,213,38,76,95,114,123,,0.178403756,0.356807512,0.44600939,0.535211268
2019/10/29,270,55,107,132,165,176,,0.203703704,0.396296296,0.488888889,0.611111111
2019/10/30,237,39,63,78,98,109,,0.164556962,0.265822785,0.329113924,0.41350211
2019/10/31,307,48,61,77,104,122,,0.156351792,0.198697068,0.250814332,0.338762215
2019/11/1,337,45,73,99,125,142,,0.133531157,0.216617211,0.293768546,0.370919881
2019/11/2,190,37,63,73,94,101,,0.194736842,0.331578947,0.384210526,0.494736842
2019/11/3,130,15,29,37,48,51,,0.115384615,0.223076923,0.284615385,0.369230769
2019/11/4,252,22,44,66,75,85,,0.087301587,0.174603175,0.261904762,0.297619048
2019/11/5,231,53,102,132,164,186,,0.229437229,0.441558442,0.571428571,0.70995671
2019/11/6,233,42,59,74,93,103,,0.180257511,0.253218884,0.317596567,0.399141631
2019/11/7,265,61,107,146,170,183,,0.230188679,0.403773585,0.550943396,0.641509434
2019/11/8,309,51,93,120,151,169,,0.165048544,0.300970874,0.388349515,0.488673139
2019/11/9,212,35,63,84,108,119,,0.16509434,0.297169811,0.396226415,0.509433962
2019/11/10,155,26,45,54,65,66,,0.167741935,0.290322581,0.348387097,0.419354839
2019/11/11,250,42,75,94,123,136,,0.168,0.3,0.376,0.492
2019/11/12,319,50,101,126,152,163,,0.156739812,0.31661442,0.394984326,0.476489028
2019/11/13,346,74,128,165,204,214,,0.213872832,0.369942197,0.476878613,0.589595376
2019/11/14,309,49,133,182,240,259,,0.158576052,0.430420712,0.588996764,0.776699029
2019/11/15,338,59,175,217,281,293,,0.174556213,0.517751479,0.642011834,0.831360947
2019/11/16,198,16,39,52,71,81,,0.080808081,0.196969697,0.262626263,0.358585859
2019/11/17,180,27,52,66,86,94,,0.15,0.288888889,0.366666667,0.477777778
2019/11/18,286,36,80,108,139,151,,0.125874126,0.27972028,0.377622378,0.486013986
2019/11/19,284,8,43,66,95,107,,0.028169014,0.151408451,0.232394366,0.334507042
2019/11/20,265,37,93,116,149,159,,0.139622642,0.350943396,0.437735849,0.562264151
2019/11/21,297,30,76,102,135,148,,0.101010101,0.255892256,0.343434343,0.454545455
2019/11/22,333,45,98,125,171,184,,0.135135135,0.294294294,0.375375375,0.513513514
2019/11/23,176,19,45,56,75,84,,0.107954545,0.255681818,0.318181818,0.426136364
,,,,,,,,,,,
,,,,,,,,,,,
dien 60 ,,,,,,,,,,,
,,,,,,,,,,,
2019/9/2,117,27,56,84,98,101,,0.230769231,0.478632479,0.717948718,0.837606838
2019/9/3,216,46,119,162,184,190,,0.212962963,0.550925926,0.75,0.851851852
2019/9/4,280,64,159,207,231,237,,0.228571429,0.567857143,0.739285714,0.825
2019/9/5,292,74,115,137,164,172,,0.253424658,0.393835616,0.469178082,0.561643836
2019/9/6,362,98,167,201,246,258,,0.270718232,0.461325967,0.555248619,0.679558011
2019/9/7,253,42,72,86,109,120,,0.166007905,0.28458498,0.339920949,0.43083004
2019/9/8,187,38,54,61,68,80,,0.203208556,0.288770053,0.326203209,0.363636364
2019/9/9,311,38,80,98,125,144,,0.122186495,0.257234727,0.31511254,0.40192926
2019/9/10,274,42,96,131,170,186,,0.153284672,0.350364964,0.47810219,0.620437956
2019/9/11,305,46,82,111,145,154,,0.150819672,0.268852459,0.363934426,0.475409836
2019/9/12,397,24,41,55,81,89,,0.060453401,0.103274559,0.138539043,0.204030227
2019/9/13,197,26,37,40,45,53,,0.131979695,0.187817259,0.203045685,0.228426396
2019/9/14,206,15,19,22,29,38,,0.072815534,0.09223301,0.106796117,0.140776699
2019/9/15,191,15,31,36,44,48,,0.078534031,0.162303665,0.188481675,0.230366492
2019/9/16,300,28,73,92,122,129,,0.093333333,0.243333333,0.306666667,0.406666667
2019/9/17,307,66,169,205,247,263,,0.214983713,0.550488599,0.667752443,0.804560261
2019/9/18,338,20,70,91,107,117,,0.059171598,0.207100592,0.269230769,0.316568047
2019/9/19,365,83,192,230,289,300,,0.22739726,0.526027397,0.630136986,0.791780822
2019/9/20,392,22,51,64,80,91,,0.056122449,0.130102041,0.163265306,0.204081633
2019/9/21,228,9,26,36,54,58,,0.039473684,0.114035088,0.157894737,0.236842105
2019/9/22,204,17,38,49,58,65,,0.083333333,0.18627451,0.240196078,0.284313725
2019/9/23,313,62,123,144,198,212,,0.198083067,0.392971246,0.460063898,0.632587859
2019/9/24,318,36,84,114,175,187,,0.113207547,0.264150943,0.358490566,0.550314465
2019/9/25,310,50,127,157,233,247,,0.161290323,0.409677419,0.506451613,0.751612903
2019/9/26,331,53,93,123,142,152,,0.160120846,0.280966767,0.371601208,0.429003021
2019/9/27,391,80,154,205,314,330,,0.204603581,0.393861893,0.524296675,0.803069054
2019/9/28,216,57,93,115,163,182,,0.263888889,0.430555556,0.532407407,0.75462963
2019/9/29,325,46,55,59,72,86,,0.141538462,0.169230769,0.181538462,0.221538462
2019/9/30,433,96,191,241,341,373,,0.221709007,0.441108545,0.556581986,0.787528868
2019/10/1,254,60,109,147,211,229,,0.236220472,0.429133858,0.578740157,0.830708661
2019/10/2,247,48,109,144,200,222,,0.194331984,0.441295547,0.582995951,0.809716599
2019/10/3,235,29,82,117,157,174,,0.123404255,0.34893617,0.49787234,0.668085106
2019/10/4,288,52,110,143,190,213,,0.180555556,0.381944444,0.496527778,0.659722222
2019/10/5,226,34,76,117,161,172,,0.150442478,0.336283186,0.517699115,0.712389381
2019/10/6,235,43,88,124,181,196,,0.182978723,0.374468085,0.527659574,0.770212766
2019/10/7,218,40,90,121,166,181,,0.183486239,0.412844037,0.555045872,0.76146789
2019/10/8,304,39,126,169,245,264,,0.128289474,0.414473684,0.555921053,0.805921053
2019/10/9,317,43,61,75,81,91,,0.135646688,0.192429022,0.23659306,0.255520505
2019/10/10,327,30,78,96,132,144,,0.091743119,0.23853211,0.293577982,0.403669725
2019/10/11,344,68,158,204,278,299,,0.197674419,0.459302326,0.593023256,0.808139535
2019/10/12,363,40,94,108,146,163,,0.110192837,0.258953168,0.297520661,0.402203857
2019/10/13,224,46,107,136,178,186,,0.205357143,0.477678571,0.607142857,0.794642857
2019/10/14,321,64,124,152,196,215,,0.199376947,0.386292835,0.473520249,0.6105919
2019/10/15,338,48,142,205,283,299,,0.142011834,0.420118343,0.606508876,0.837278107
2019/10/16,343,69,168,213,266,285,,0.201166181,0.489795918,0.620991254,0.775510204
2019/10/17,333,59,148,210,261,289,,0.177177177,0.444444444,0.630630631,0.783783784
2019/10/18,392,92,189,246,311,332,,0.234693878,0.482142857,0.62755102,0.793367347
2019/10/19,247,66,125,171,199,210,,0.267206478,0.506072874,0.692307692,0.805668016
2019/10/20,188,9,21,27,37,39,,0.04787234,0.111702128,0.143617021,0.196808511
2019/10/21,318,48,80,110,138,147,,0.150943396,0.251572327,0.34591195,0.433962264
2019/10/22,313,78,146,200,243,267,,0.249201278,0.466453674,0.638977636,0.776357827
2019/10/23,332,53,123,164,187,197,,0.159638554,0.370481928,0.493975904,0.563253012
2019/10/24,358,82,157,231,294,322,,0.229050279,0.438547486,0.645251397,0.82122905
2019/10/25,360,77,147,197,235,257,,0.213888889,0.408333333,0.547222222,0.652777778
2019/10/26,213,50,99,143,178,192,,0.234741784,0.464788732,0.671361502,0.835680751
2019/10/29,270,72,131,166,209,227,,0.266666667,0.485185185,0.614814815,0.774074074
2019/10/30,237,74,130,158,192,203,,0.312236287,0.548523207,0.666666667,0.810126582
2019/10/31,307,89,138,177,230,255,,0.28990228,0.449511401,0.576547231,0.749185668
2019/11/1,337,80,154,214,265,293,,0.237388724,0.456973294,0.635014837,0.786350148
2019/11/2,190,48,95,124,154,166,,0.252631579,0.5,0.652631579,0.810526316
2019/11/3,130,32,65,75,96,104,,0.246153846,0.5,0.576923077,0.738461538
2019/11/4,252,53,90,134,160,175,,0.21031746,0.357142857,0.531746032,0.634920635
2019/11/5,231,53,106,141,174,199,,0.229437229,0.458874459,0.61038961,0.753246753
2019/11/6,233,67,105,137,171,186,,0.287553648,0.450643777,0.587982833,0.733905579
2019/11/7,265,62,117,160,188,204,,0.233962264,0.441509434,0.603773585,0.709433962
2019/11/8,309,80,161,211,244,272,,0.258899676,0.521035599,0.682847896,0.789644013
2019/11/9,212,60,108,143,179,194,,0.283018868,0.509433962,0.674528302,0.844339623
2019/11/10,155,42,82,114,133,141,,0.270967742,0.529032258,0.735483871,0.858064516
2019/11/11,250,53,116,155,202,221,,0.212,0.464,0.62,0.808
2019/11/12,319,74,156,206,261,280,,0.231974922,0.489028213,0.645768025,0.818181818
2019/11/13,346,81,158,207,279,297,,0.234104046,0.456647399,0.598265896,0.806358382
2019/11/14,309,49,137,182,245,264,,0.158576052,0.443365696,0.588996764,0.792880259
2019/11/15,338,61,177,216,283,296,,0.180473373,0.523668639,0.639053254,0.837278107
2019/11/16,198,39,91,113,156,168,,0.196969697,0.45959596,0.570707071,0.787878788
2019/11/17,180,44,81,115,152,160,,0.244444444,0.45,0.638888889,0.844444444
2019/11/18,286,52,126,176,229,249,,0.181818182,0.440559441,0.615384615,0.800699301
2019/11/19,284,44,127,170,236,252,,0.154929577,0.447183099,0.598591549,0.830985915
2019/11/20,265,50,124,165,211,224,,0.188679245,0.467924528,0.622641509,0.796226415
2019/11/21,297,48,136,183,239,254,,0.161616162,0.457912458,0.616161616,0.804713805
2019/11/22,333,53,141,193,265,279,,0.159159159,0.423423423,0.57957958,0.795795796
2019/11/23,176,38,84,112,149,161,,0.215909091,0.477272727,0.636363636,0.846590909
,,,,,,,,,,,
,,,,,,,,,,,
,,,,,,,,,,,
dien 61 ,,,,,,,,,,,
,,,,,,,,,,,
2019/9/2,117,1,6,7,7,9,,0.008547009,0.051282051,0.05982906,0.05982906
2019/9/3,216,41,65,84,101,108,,0.189814815,0.300925926,0.388888889,0.467592593
2019/9/4,280,48,67,78,85,89,,0.171428571,0.239285714,0.278571429,0.303571429
2019/9/5,292,59,91,105,120,132,,0.202054795,0.311643836,0.359589041,0.410958904
2019/9/6,362,98,172,198,223,231,,0.270718232,0.475138122,0.546961326,0.616022099
2019/9/7,253,65,95,105,113,115,,0.256916996,0.375494071,0.415019763,0.446640316
2019/9/8,187,52,96,116,123,124,,0.278074866,0.513368984,0.620320856,0.657754011
2019/9/9,311,47,80,99,115,126,,0.151125402,0.257234727,0.318327974,0.36977492
2019/9/10,274,46,84,95,106,113,,0.167883212,0.306569343,0.346715328,0.386861314
2019/9/11,305,29,45,51,70,83,,0.095081967,0.147540984,0.167213115,0.229508197
2019/9/12,397,53,132,170,190,201,,0.133501259,0.332493703,0.428211587,0.478589421
2019/9/13,197,43,94,130,153,162,,0.218274112,0.47715736,0.659898477,0.776649746
2019/9/14,206,30,83,114,151,157,,0.145631068,0.402912621,0.553398058,0.733009709
2019/9/15,191,15,48,73,84,89,,0.078534031,0.251308901,0.382198953,0.439790576
2019/9/16,300,50,134,172,221,226,,0.166666667,0.446666667,0.573333333,0.736666667
2019/9/17,307,60,158,199,242,256,,0.195439739,0.51465798,0.648208469,0.788273616
2019/9/18,338,58,178,227,277,297,,0.171597633,0.526627219,0.671597633,0.819526627
2019/9/19,365,83,199,241,303,316,,0.22739726,0.545205479,0.660273973,0.830136986
2019/9/20,392,69,164,205,257,270,,0.176020408,0.418367347,0.522959184,0.655612245
2019/9/21,228,42,87,115,153,162,,0.184210526,0.381578947,0.504385965,0.671052632
2019/9/22,204,45,88,119,149,163,,0.220588235,0.431372549,0.583333333,0.730392157
2019/9/23,313,79,150,181,245,260,,0.252396166,0.479233227,0.57827476,0.782747604
2019/9/24,318,59,134,184,265,278,,0.185534591,0.421383648,0.578616352,0.833333333
2019/9/25,310,59,131,171,254,274,,0.190322581,0.422580645,0.551612903,0.819354839
2019/9/26,331,72,143,187,266,287,,0.217522659,0.432024169,0.564954683,0.803625378
2019/9/27,391,84,158,211,318,349,,0.21483376,0.404092072,0.539641944,0.813299233
2019/9/28,216,35,59,77,112,127,,0.162037037,0.273148148,0.356481481,0.518518519
2019/9/29,325,68,150,194,255,279,,0.209230769,0.461538462,0.596923077,0.784615385
2019/9/30,433,94,188,238,339,375,,0.217090069,0.434180139,0.54965358,0.782909931
2019/10/1,254,60,108,145,207,228,,0.236220472,0.42519685,0.570866142,0.81496063
2019/10/2,247,47,108,146,203,226,,0.190283401,0.437246964,0.591093117,0.821862348
2019/10/3,235,34,89,125,168,189,,0.144680851,0.378723404,0.531914894,0.714893617
2019/10/4,288,59,132,164,219,243,,0.204861111,0.458333333,0.569444444,0.760416667
2019/10/5,226,23,39,56,77,84,,0.101769912,0.172566372,0.247787611,0.340707965
2019/10/6,235,43,88,125,183,197,,0.182978723,0.374468085,0.531914894,0.778723404
2019/10/7,218,41,94,126,172,187,,0.188073394,0.431192661,0.577981651,0.788990826
2019/10/8,304,39,126,169,246,265,,0.128289474,0.414473684,0.555921053,0.809210526
2019/10/9,317,37,50,56,81,92,,0.116719243,0.157728707,0.176656151,0.255520505
2019/10/10,327,38,53,65,83,96,,0.116207951,0.162079511,0.198776758,0.25382263
2019/10/11,344,55,114,141,193,206,,0.159883721,0.331395349,0.409883721,0.561046512
2019/10/12,363,54,155,203,284,308,,0.148760331,0.426997245,0.55922865,0.782369146
2019/10/13,224,50,110,144,188,199,,0.223214286,0.491071429,0.642857143,0.839285714
2019/10/14,321,62,133,169,217,237,,0.193146417,0.414330218,0.526479751,0.676012461
2019/10/15,338,48,138,203,280,295,,0.142011834,0.408284024,0.600591716,0.828402367
2019/10/16,343,66,156,200,253,272,,0.192419825,0.454810496,0.583090379,0.737609329
2019/10/17,333,56,135,190,237,260,,0.168168168,0.405405405,0.570570571,0.711711712
2019/10/18,392,92,189,247,310,334,,0.234693878,0.482142857,0.630102041,0.790816327
2019/10/19,247,68,130,178,208,221,,0.275303644,0.526315789,0.720647773,0.842105263
2019/10/20,188,45,83,124,144,150,,0.239361702,0.441489362,0.659574468,0.765957447
2019/10/21,318,57,120,158,206,217,,0.179245283,0.377358491,0.496855346,0.647798742
2019/10/22,313,78,146,198,241,266,,0.249201278,0.466453674,0.632587859,0.769968051
2019/10/23,332,57,129,161,187,196,,0.171686747,0.388554217,0.484939759,0.563253012
2019/10/24,358,51,105,139,166,184,,0.142458101,0.293296089,0.388268156,0.463687151
2019/10/25,360,81,164,204,237,260,,0.225,0.455555556,0.566666667,0.658333333
2019/10/26,213,35,77,98,112,116,,0.164319249,0.361502347,0.460093897,0.525821596
2019/10/29,270,67,125,161,206,221,,0.248148148,0.462962963,0.596296296,0.762962963
2019/10/30,237,74,130,156,192,203,,0.312236287,0.548523207,0.658227848,0.810126582
2019/10/31,307,60,92,107,129,143,,0.195439739,0.299674267,0.348534202,0.42019544
2019/11/1,337,53,95,127,150,159,,0.15727003,0.28189911,0.376854599,0.445103858
2019/11/2,190,34,64,76,95,103,,0.178947368,0.336842105,0.4,0.5
2019/11/3,130,12,20,27,34,34,,0.092307692,0.153846154,0.207692308,0.261538462
2019/11/4,252,26,37,45,51,53,,0.103174603,0.146825397,0.178571429,0.202380952
2019/11/5,231,40,71,89,105,110,,0.173160173,0.307359307,0.385281385,0.454545455
2019/11/6,233,57,102,131,156,171,,0.244635193,0.43776824,0.56223176,0.669527897
2019/11/7,265,37,64,84,110,124,,0.139622642,0.241509434,0.316981132,0.41509434
2019/11/8,309,80,161,211,244,272,,0.258899676,0.521035599,0.682847896,0.789644013
2019/11/9,212,60,108,143,179,194,,0.283018868,0.509433962,0.674528302,0.844339623
2019/11/10,155,42,82,114,133,141,,0.270967742,0.529032258,0.735483871,0.858064516
2019/11/11,250,54,117,156,203,222,,0.216,0.468,0.624,0.812
2019/11/12,319,74,156,206,261,280,,0.231974922,0.489028213,0.645768025,0.818181818
2019/11/13,346,52,101,136,186,205,,0.150289017,0.291907514,0.393063584,0.537572254
2019/11/14,309,51,137,181,242,260,,0.165048544,0.443365696,0.585760518,0.783171521
2019/11/15,338,61,177,216,283,296,,0.180473373,0.523668639,0.639053254,0.837278107
2019/11/16,198,25,66,89,116,125,,0.126262626,0.333333333,0.449494949,0.585858586
2019/11/17,180,35,70,91,117,122,,0.194444444,0.388888889,0.505555556,0.65
2019/11/18,286,49,123,173,226,243,,0.171328671,0.43006993,0.604895105,0.79020979
2019/11/19,284,44,127,170,236,252,,0.154929577,0.447183099,0.598591549,0.830985915
2019/11/20,265,45,114,150,192,202,,0.169811321,0.430188679,0.566037736,0.724528302
2019/11/21,297,47,134,181,237,251,,0.158249158,0.451178451,0.609427609,0.797979798
2019/11/22,333,54,144,195,271,284,,0.162162162,0.432432432,0.585585586,0.813813814
2019/11/23,176,38,84,112,149,161,,0.215909091,0.477272727,0.636363636,0.846590909
,,,,,,,,,,,
,,,,,,,,,,,
,,,,,,,,,,,
dien 63,,,,,,,,,,,
,,,,,,,,,,,
2019/9/2,117,15,33,49,55,57,,0.128205128,0.282051282,0.418803419,0.47008547
2019/9/3,216,35,77,105,118,124,,0.162037037,0.356481481,0.486111111,0.546296296
2019/9/4,280,58,137,182,204,211,,0.207142857,0.489285714,0.65,0.728571429
2019/9/5,292,53,124,160,187,191,,0.181506849,0.424657534,0.547945205,0.640410959
2019/9/6,362,78,186,234,320,339,,0.215469613,0.513812155,0.64640884,0.883977901
2019/9/7,253,54,105,146,184,192,,0.213438735,0.415019763,0.577075099,0.727272727
2019/9/8,187,29,72,92,103,109,,0.155080214,0.385026738,0.49197861,0.550802139
2019/9/9,311,25,76,92,102,105,,0.080385852,0.24437299,0.295819936,0.327974277
2019/9/10,274,57,110,149,188,199,,0.208029197,0.401459854,0.54379562,0.686131387
2019/9/11,305,37,75,95,115,119,,0.121311475,0.245901639,0.31147541,0.37704918
2019/9/12,397,73,164,217,256,265,,0.183879093,0.413098237,0.546599496,0.644836272
2019/9/13,197,17,29,39,42,45,,0.086294416,0.147208122,0.197969543,0.21319797
2019/9/14,206,6,10,11,13,14,,0.029126214,0.048543689,0.053398058,0.063106796
2019/9/15,191,16,32,34,43,47,,0.083769634,0.167539267,0.178010471,0.22513089
2019/9/16,300,19,24,34,41,46,,0.063333333,0.08,0.113333333,0.136666667
2019/9/17,307,15,22,27,37,48,,0.048859935,0.071661238,0.087947883,0.120521173
2019/9/18,338,29,51,61,73,84,,0.085798817,0.150887574,0.180473373,0.215976331
2019/9/19,365,52,104,113,127,136,,0.142465753,0.284931507,0.309589041,0.347945205
2019/9/20,392,12,30,34,43,48,,0.030612245,0.076530612,0.086734694,0.109693878
2019/9/21,228,13,28,37,46,49,,0.057017544,0.122807018,0.162280702,0.201754386
2019/9/22,204,4,7,8,10,12,,0.019607843,0.034313725,0.039215686,0.049019608
2019/9/23,313,8,15,19,25,30,,0.025559105,0.047923323,0.060702875,0.079872204
2019/9/24,318,9,16,20,25,30,,0.028301887,0.050314465,0.062893082,0.078616352
2019/9/25,310,10,20,22,27,30,,0.032258065,0.064516129,0.070967742,0.087096774
2019/9/26,331,19,27,34,41,47,,0.057401813,0.081570997,0.102719033,0.123867069
2019/9/27,391,8,18,24,33,44,,0.020460358,0.046035806,0.061381074,0.084398977
2019/9/28,216,9,15,18,26,30,,0.041666667,0.069444444,0.083333333,0.12037037
2019/9/29,325,6,11,20,28,33,,0.018461538,0.033846154,0.061538462,0.086153846
2019/9/30,433,14,27,27,43,48,,0.032332564,0.062355658,0.062355658,0.099307159
2019/10/1,254,14,27,30,40,43,,0.05511811,0.106299213,0.118110236,0.157480315
2019/10/2,247,27,49,60,76,80,,0.109311741,0.198380567,0.24291498,0.307692308
2019/10/3,235,11,18,18,27,28,,0.046808511,0.076595745,0.076595745,0.114893617
2019/10/4,288,33,74,83,99,106,,0.114583333,0.256944444,0.288194444,0.34375
2019/10/5,226,2,5,7,11,17,,0.008849558,0.022123894,0.030973451,0.048672566
2019/10/6,235,10,13,13,20,23,,0.042553191,0.055319149,0.055319149,0.085106383
2019/10/7,218,10,18,24,27,30,,0.04587156,0.082568807,0.110091743,0.123853211
2019/10/8,304,21,49,65,82,85,,0.069078947,0.161184211,0.213815789,0.269736842
2019/10/9,317,16,28,41,67,76,,0.050473186,0.088328076,0.129337539,0.211356467
2019/10/10,327,6,17,25,33,38,,0.018348624,0.051987768,0.076452599,0.100917431
2019/10/11,344,28,49,61,85,87,,0.081395349,0.14244186,0.177325581,0.247093023
2019/10/12,363,18,32,41,54,59,,0.049586777,0.08815427,0.112947658,0.148760331
2019/10/13,224,11,19,22,33,34,,0.049107143,0.084821429,0.098214286,0.147321429
2019/10/14,321,20,41,52,59,65,,0.062305296,0.127725857,0.161993769,0.183800623
2019/10/15,338,13,39,48,52,57,,0.038461538,0.115384615,0.142011834,0.153846154
2019/10/16,343,13,25,31,37,43,,0.037900875,0.072886297,0.090379009,0.10787172
2019/10/17,333,17,35,45,55,64,,0.051051051,0.105105105,0.135135135,0.165165165
2019/10/18,392,38,66,81,94,99,,0.096938776,0.168367347,0.206632653,0.239795918
2019/10/19,247,32,50,62,69,77,,0.129554656,0.20242915,0.251012146,0.279352227
2019/10/20,188,47,88,129,154,161,,0.25,0.468085106,0.686170213,0.819148936
2019/10/21,318,78,149,200,255,271,,0.245283019,0.468553459,0.628930818,0.801886792
2019/10/22,313,78,147,202,247,272,,0.249201278,0.469648562,0.645367412,0.78913738
2019/10/23,332,70,164,231,267,283,,0.210843373,0.493975904,0.695783133,0.804216867
2019/10/24,358,82,157,231,294,322,,0.229050279,0.438547486,0.645251397,0.82122905
2019/10/25,360,86,172,232,274,301,,0.238888889,0.477777778,0.644444444,0.761111111
2019/10/26,213,50,99,143,178,192,,0.234741784,0.464788732,0.671361502,0.835680751
2019/10/29,270,72,131,166,209,227,,0.266666667,0.485185185,0.614814815,0.774074074
2019/10/30,237,75,131,159,193,204,,0.316455696,0.552742616,0.670886076,0.814345992
2019/10/31,307,90,142,180,236,260,,0.293159609,0.462540717,0.586319218,0.768729642
2019/11/1,337,80,154,214,265,293,,0.237388724,0.456973294,0.635014837,0.786350148
2019/11/2,190,48,95,124,154,166,,0.252631579,0.5,0.652631579,0.810526316
2019/11/3,130,32,68,77,100,109,,0.246153846,0.523076923,0.592307692,0.769230769
2019/11/4,252,63,111,162,197,220,,0.25,0.44047619,0.642857143,0.781746032
2019/11/5,231,55,107,145,178,203,,0.238095238,0.463203463,0.627705628,0.770562771
2019/11/6,233,67,100,131,167,179,,0.287553648,0.429184549,0.56223176,0.716738197
2019/11/7,265,66,124,173,209,227,,0.249056604,0.467924528,0.652830189,0.788679245
2019/11/8,309,80,161,211,244,272,,0.258899676,0.521035599,0.682847896,0.789644013
2019/11/9,212,60,108,143,179,194,,0.283018868,0.509433962,0.674528302,0.844339623
2019/11/10,155,42,82,114,133,141,,0.270967742,0.529032258,0.735483871,0.858064516
2019/11/11,250,54,117,156,203,222,,0.216,0.468,0.624,0.812
2019/11/12,319,74,156,206,261,280,,0.231974922,0.489028213,0.645768025,0.818181818
2019/11/13,346,83,163,213,285,303,,0.239884393,0.471098266,0.615606936,0.823699422
2019/11/14,309,49,137,182,245,264,,0.158576052,0.443365696,0.588996764,0.792880259
2019/11/15,338,61,177,216,283,296,,0.180473373,0.523668639,0.639053254,0.837278107
2019/11/16,198,39,91,113,156,168,,0.196969697,0.45959596,0.570707071,0.787878788
2019/11/17,180,44,81,115,152,160,,0.244444444,0.45,0.638888889,0.844444444
2019/11/18,286,52,126,176,229,249,,0.181818182,0.440559441,0.615384615,0.800699301
2019/11/19,284,44,127,170,236,252,,0.154929577,0.447183099,0.598591549,0.830985915
2019/11/20,265,50,124,165,211,224,,0.188679245,0.467924528,0.622641509,0.796226415
2019/11/21,297,44,107,142,169,182,,0.148148148,0.36026936,0.478114478,0.569023569
2019/11/22,333,48,128,172,226,240,,0.144144144,0.384384384,0.516516517,0.678678679
2019/11/23,176,38,84,112,149,161,,0.215909091,0.477272727,0.636363636,0.846590909